state,source_type,source_url,title,identifier,chapter,status,last_seen_date,summary_snippet,keywords_matched,confidence,notes,airtable_category,content_hash,session,match_reason,match_terms
WA,code site,https://app.leg.wa.gov/rcw/default.aspx?cite=43.185A.001,,Wash. Rev. Code § 43.185A.001,43.185A,Unknown,2026-05-02,"home / state laws and rules / rcws / title 43 / chapter 43.185a / section 43.185a.001 print citation not found the citation you requested cannot be found. please verify that you have a valid rcw citation and try again or look in the rcw dispositions for rcw sections that have been repealed, expired,",community land trust,Low,,Definition of CLT,e9e9022614fc013f7b25cc013e9110f9ee9de3ed5b92bd676289b798e055f0af,,,
WA,code site,https://app.leg.wa.gov/rcw/default.aspx?cite=43.185A.002,,Wash. Rev. Code § 43.185A.002,43.185A,Unknown,2026-05-02,"home / state laws and rules / rcws / title 43 / chapter 43.185a / section 43.185a.002 print citation not found the citation you requested cannot be found. please verify that you have a valid rcw citation and try again or look in the rcw dispositions for rcw sections that have been repealed, expired,",community land trust,Low,,Definition of CLT,58fb55b1ee499daca08edd88e7bb79fc25ed5252a74f5dbed6293ada4aeac27a,,,
WA,code site,https://app.leg.wa.gov/rcw/default.aspx?cite=43.185A.003,,Wash. Rev. Code § 43.185A.003,43.185A,Unknown,2026-05-02,"home / state laws and rules / rcws / title 43 / chapter 43.185a / section 43.185a.003 print citation not found the citation you requested cannot be found. please verify that you have a valid rcw citation and try again or look in the rcw dispositions for rcw sections that have been repealed, expired,",community land trust,Low,,Definition of CLT,e6a8f5cfc806fff297bb6478b815d24629cee386c8daadc0a397591e733c17d3,,,
WA,code site,https://app.leg.wa.gov/rcw/default.aspx?cite=43.185A.004,,Wash. Rev. Code § 43.185A.004,43.185A,Unknown,2026-05-02,"home / state laws and rules / rcws / title 43 / chapter 43.185a / section 43.185a.004 print citation not found the citation you requested cannot be found. please verify that you have a valid rcw citation and try again or look in the rcw dispositions for rcw sections that have been repealed, expired,",community land trust,Low,,Definition of CLT,7f0805ca1f5114959d80fa1372abbbb91da0047c1a6dd939bd63ba043088d208,,,
WA,code site,https://app.leg.wa.gov/rcw/default.aspx?cite=43.185A.005,RCW 43.185A.005:,Wash. Rev. Code § 43.185A.005,43.185A,Unknown,2026-05-02,"rcw 43.185a.005: home / state laws and rules / rcws / title 43 / chapter 43.185a / section 43.185a.005 print beginning of chapter << 43.185a.005 >> 43.185a.010 pdf rcw 43.185a.005 findings. the legislature finds that current economic conditions, federal housing policies and declining resources at th",community land trust,Low,,Definition of CLT,1ad8322ad1bb2da23fb04df9eb8eec1cc9dbb34b82a860cc82ed9addc26a1fd6,,,affordable housing
WA,code site,https://app.leg.wa.gov/rcw/default.aspx?cite=43.185A.006,,Wash. Rev. Code § 43.185A.006,43.185A,Unknown,2026-05-02,"home / state laws and rules / rcws / title 43 / chapter 43.185a / section 43.185a.006 print citation not found the citation you requested cannot be found. please verify that you have a valid rcw citation and try again or look in the rcw dispositions for rcw sections that have been repealed, expired,",community land trust,Low,,Definition of CLT,1003c6a2398c1ad1776308d0861aa8d63f7936077f154c78073b9093dddc236f,,,
WA,code site,https://app.leg.wa.gov/rcw/default.aspx?cite=43.185A.007,,Wash. Rev. Code § 43.185A.007,43.185A,Unknown,2026-05-02,"home / state laws and rules / rcws / title 43 / chapter 43.185a / section 43.185a.007 print citation not found the citation you requested cannot be found. please verify that you have a valid rcw citation and try again or look in the rcw dispositions for rcw sections that have been repealed, expired,",community land trust,Low,,Definition of CLT,8733d1000f0b75170dc040200096d49cdb298923d2ea1c25b487038e57ce5e54,,,
WA,code site,https://app.leg.wa.gov/rcw/default.aspx?cite=43.185A.008,,Wash. Rev. Code § 43.185A.008,43.185A,Unknown,2026-05-02,"home / state laws and rules / rcws / title 43 / chapter 43.185a / section 43.185a.008 print citation not found the citation you requested cannot be found. please verify that you have a valid rcw citation and try again or look in the rcw dispositions for rcw sections that have been repealed, expired,",community land trust,Low,,Definition of CLT,d138ef9601d78b197c6e3e107699709dd3196faeda96922d9aefa8f572608fba,,,
WA,code site,https://app.leg.wa.gov/rcw/default.aspx?cite=43.185A.009,,Wash. Rev. Code § 43.185A.009,43.185A,Unknown,2026-05-02,"home / state laws and rules / rcws / title 43 / chapter 43.185a / section 43.185a.009 print citation not found the citation you requested cannot be found. please verify that you have a valid rcw citation and try again or look in the rcw dispositions for rcw sections that have been repealed, expired,",community land trust,Low,,Definition of CLT,1704682b5a89e9a523e42c4c16e6b9f61413db055eef534aa13e09c6f246ba52,,,
WA,code site,https://app.leg.wa.gov/rcw/default.aspx?cite=43.185A.010,RCW 43.185A.010:,Wash. Rev. Code § 43.185A.010,43.185A,Unknown,2026-05-02,"rcw 43.185a.010: home / state laws and rules / rcws / title 43 / chapter 43.185a / section 43.185a.010 print 43.185a.005 << 43.185a.010 >> 43.185a.020 pdf rcw 43.185a.010 definitions. unless the context clearly requires otherwise, the definitions in this section apply throughout this chapter. (1) ""a",community land trust,Low,,Definition of CLT,ce7ccc33f93def0344b31954ab6f5630541e047b4b1ac290f8728f70fcc53ac2,,,affordable housing
WA,code site,https://app.leg.wa.gov/rcw/default.aspx?cite=43.185A.011,,Wash. Rev. Code § 43.185A.011,43.185A,Unknown,2026-05-02,"home / state laws and rules / rcws / title 43 / chapter 43.185a / section 43.185a.011 print citation not found the citation you requested cannot be found. please verify that you have a valid rcw citation and try again or look in the rcw dispositions for rcw sections that have been repealed, expired,",community land trust,Low,,Definition of CLT,c8d964089dedf19cfe2c3bc3641d7ffb2bf7a1d6b318295b2e85d19dbe42d5df,,,
WA,code site,https://app.leg.wa.gov/rcw/default.aspx?cite=43.185A.012,,Wash. Rev. Code § 43.185A.012,43.185A,Unknown,2026-05-02,"home / state laws and rules / rcws / title 43 / chapter 43.185a / section 43.185a.012 print citation not found the citation you requested cannot be found. please verify that you have a valid rcw citation and try again or look in the rcw dispositions for rcw sections that have been repealed, expired,",community land trust,Low,,Definition of CLT,aeb8bb6ba53abba2b2f915d44ee3fbc4482c61cf0785549aa4186f90612592a7,,,
WA,code site,https://app.leg.wa.gov/rcw/default.aspx?cite=43.185A.013,,Wash. Rev. Code § 43.185A.013,43.185A,Unknown,2026-05-02,"home / state laws and rules / rcws / title 43 / chapter 43.185a / section 43.185a.013 print citation not found the citation you requested cannot be found. please verify that you have a valid rcw citation and try again or look in the rcw dispositions for rcw sections that have been repealed, expired,",community land trust,Low,,Definition of CLT,a7fb7c9e3a66accb28436522e74c413afd8da24282825e1dcdba7b6dc5948e8d,,,
WA,code site,https://app.leg.wa.gov/rcw/default.aspx?cite=43.185A.014,,Wash. Rev. Code § 43.185A.014,43.185A,Unknown,2026-05-02,"home / state laws and rules / rcws / title 43 / chapter 43.185a / section 43.185a.014 print citation not found the citation you requested cannot be found. please verify that you have a valid rcw citation and try again or look in the rcw dispositions for rcw sections that have been repealed, expired,",community land trust,Low,,Definition of CLT,08082a2b2526d53491acb9942a1225fcc51401b8231d539853f6166a89b5457f,,,
WA,code site,https://app.leg.wa.gov/rcw/default.aspx?cite=43.185A.015,,Wash. Rev. Code § 43.185A.015,43.185A,Unknown,2026-05-02,"home / state laws and rules / rcws / title 43 / chapter 43.185a / section 43.185a.015 print citation not found the citation you requested cannot be found. please verify that you have a valid rcw citation and try again or look in the rcw dispositions for rcw sections that have been repealed, expired,",community land trust,Low,,Definition of CLT,de60ed83158357be35f3c5dcf6bfe72584cc5462d8244e64c8f6522012195f4b,,,
WA,code site,https://app.leg.wa.gov/rcw/default.aspx?cite=43.185A.016,,Wash. Rev. Code § 43.185A.016,43.185A,Unknown,2026-05-02,"home / state laws and rules / rcws / title 43 / chapter 43.185a / section 43.185a.016 print citation not found the citation you requested cannot be found. please verify that you have a valid rcw citation and try again or look in the rcw dispositions for rcw sections that have been repealed, expired,",community land trust,Low,,Definition of CLT,7b2dccee41ab352814622875c777aeb32075c86cb38e65377a5dfd38230bbfd1,,,
WA,code site,https://app.leg.wa.gov/rcw/default.aspx?cite=43.185A.017,,Wash. Rev. Code § 43.185A.017,43.185A,Unknown,2026-05-02,"home / state laws and rules / rcws / title 43 / chapter 43.185a / section 43.185a.017 print citation not found the citation you requested cannot be found. please verify that you have a valid rcw citation and try again or look in the rcw dispositions for rcw sections that have been repealed, expired,",community land trust,Low,,Definition of CLT,2be1f01156f5d006811e0532f21fda7924a36f138fe4e6618b8746e4d37633dc,,,
WA,code site,https://app.leg.wa.gov/rcw/default.aspx?cite=43.185A.018,,Wash. Rev. Code § 43.185A.018,43.185A,Unknown,2026-05-02,"home / state laws and rules / rcws / title 43 / chapter 43.185a / section 43.185a.018 print citation not found the citation you requested cannot be found. please verify that you have a valid rcw citation and try again or look in the rcw dispositions for rcw sections that have been repealed, expired,",community land trust,Low,,Definition of CLT,13f612bafc03d60da55f485bf39bb982b3dcb51fbc7d03059e96355b6088be7f,,,
WA,code site,https://app.leg.wa.gov/rcw/default.aspx?cite=43.185A.019,,Wash. Rev. Code § 43.185A.019,43.185A,Unknown,2026-05-02,"home / state laws and rules / rcws / title 43 / chapter 43.185a / section 43.185a.019 print citation not found the citation you requested cannot be found. please verify that you have a valid rcw citation and try again or look in the rcw dispositions for rcw sections that have been repealed, expired,",community land trust,Low,,Definition of CLT,f874efbb637d76d9b9fa536d210efe9d84774f38563c06ada9a73d737c7c77d4,,,
WA,code site,https://app.leg.wa.gov/rcw/default.aspx?cite=43.185A.020,RCW 43.185A.020:,Wash. Rev. Code § 43.185A.020,43.185A,Unknown,2026-05-02,rcw 43.185a.020: home / state laws and rules / rcws / title 43 / chapter 43.185a / section 43.185a.020 print 43.185a.010 << 43.185a.020 >> 43.185a.040 pdf rcw 43.185a.020 affordable housing program — purpose — input. the affordable housing program is created in the department for the purpose of deve,community land trust,Low,,Affordability Covenants,ee95fcd235af53ad761597797de8b56466dc7157b8397ab9584dc8663db5319a,,,affordable housing
WA,code site,https://app.leg.wa.gov/rcw/default.aspx?cite=43.185A.021,,Wash. Rev. Code § 43.185A.021,43.185A,Unknown,2026-05-02,"home / state laws and rules / rcws / title 43 / chapter 43.185a / section 43.185a.021 print citation not found the citation you requested cannot be found. please verify that you have a valid rcw citation and try again or look in the rcw dispositions for rcw sections that have been repealed, expired,",community land trust,Low,,Definition of CLT,4b37a3a7a240105821de8292b0cb296e7a06c2f6896d08b3c736a8cd68e00c43,,,
WA,code site,https://app.leg.wa.gov/rcw/default.aspx?cite=43.185A.022,,Wash. Rev. Code § 43.185A.022,43.185A,Unknown,2026-05-02,"home / state laws and rules / rcws / title 43 / chapter 43.185a / section 43.185a.022 print citation not found the citation you requested cannot be found. please verify that you have a valid rcw citation and try again or look in the rcw dispositions for rcw sections that have been repealed, expired,",community land trust,Low,,Definition of CLT,5eb109d5599010f87783a8a60308b1c68c83db1e37f693b6585012f2bd196252,,,
WA,code site,https://app.leg.wa.gov/rcw/default.aspx?cite=43.185A.023,,Wash. Rev. Code § 43.185A.023,43.185A,Unknown,2026-05-02,"home / state laws and rules / rcws / title 43 / chapter 43.185a / section 43.185a.023 print citation not found the citation you requested cannot be found. please verify that you have a valid rcw citation and try again or look in the rcw dispositions for rcw sections that have been repealed, expired,",community land trust,Low,,Definition of CLT,3a03ae7a15f06f9a380131e8176103197d9785cdc9002dc5abb112fc34db1b3d,,,
WA,code site,https://app.leg.wa.gov/rcw/default.aspx?cite=43.185A.024,,Wash. Rev. Code § 43.185A.024,43.185A,Unknown,2026-05-02,"home / state laws and rules / rcws / title 43 / chapter 43.185a / section 43.185a.024 print citation not found the citation you requested cannot be found. please verify that you have a valid rcw citation and try again or look in the rcw dispositions for rcw sections that have been repealed, expired,",community land trust,Low,,Definition of CLT,f7b3c350183f3563bc7b368c3d9c740cb1d211cb496be22051b27825e2c6d139,,,
WA,code site,https://app.leg.wa.gov/rcw/default.aspx?cite=43.185A.025,,Wash. Rev. Code § 43.185A.025,43.185A,Unknown,2026-05-02,"home / state laws and rules / rcws / title 43 / chapter 43.185a / section 43.185a.025 print citation not found the citation you requested cannot be found. please verify that you have a valid rcw citation and try again or look in the rcw dispositions for rcw sections that have been repealed, expired,",community land trust,Low,,Definition of CLT,57bab86ee5c0e9068844733c8fb44d116f6a4c418ea9e9fe09e58486701e5a85,,,
WA,code site,https://app.leg.wa.gov/rcw/default.aspx?cite=43.185A.026,,Wash. Rev. Code § 43.185A.026,43.185A,Unknown,2026-05-02,"home / state laws and rules / rcws / title 43 / chapter 43.185a / section 43.185a.026 print citation not found the citation you requested cannot be found. please verify that you have a valid rcw citation and try again or look in the rcw dispositions for rcw sections that have been repealed, expired,",community land trust,Low,,Definition of CLT,0744e9c7035dd19d465c307a5125ef8080304fb55b64d21fdea7ed50742cfdad,,,
WA,code site,https://app.leg.wa.gov/rcw/default.aspx?cite=43.185A.027,,Wash. Rev. Code § 43.185A.027,43.185A,Unknown,2026-05-02,"home / state laws and rules / rcws / title 43 / chapter 43.185a / section 43.185a.027 print citation not found the citation you requested cannot be found. please verify that you have a valid rcw citation and try again or look in the rcw dispositions for rcw sections that have been repealed, expired,",community land trust,Low,,Definition of CLT,fc51a426b20c58186886acda40c1ff524e4f39d15b6ff43dabfd564d36a1cb3d,,,
WA,code site,https://app.leg.wa.gov/rcw/default.aspx?cite=43.185A.028,,Wash. Rev. Code § 43.185A.028,43.185A,Unknown,2026-05-02,"home / state laws and rules / rcws / title 43 / chapter 43.185a / section 43.185a.028 print citation not found the citation you requested cannot be found. please verify that you have a valid rcw citation and try again or look in the rcw dispositions for rcw sections that have been repealed, expired,",community land trust,Low,,Definition of CLT,2abce1ead3179e19ad39fe672f3378a5d9007cbfab98d2191f9a7b37fb254164,,,
WA,code site,https://app.leg.wa.gov/rcw/default.aspx?cite=43.185A.029,,Wash. Rev. Code § 43.185A.029,43.185A,Unknown,2026-05-02,"home / state laws and rules / rcws / title 43 / chapter 43.185a / section 43.185a.029 print citation not found the citation you requested cannot be found. please verify that you have a valid rcw citation and try again or look in the rcw dispositions for rcw sections that have been repealed, expired,",community land trust,Low,,Definition of CLT,ab3a3ff492f2d6c82cef31d25e2a9d2e8325a06e15425aea3d9ac8fa679abba9,,,
WA,code site,https://app.leg.wa.gov/rcw/default.aspx?cite=43.185A.030,Chapter 43.185A.030 RCW dispositions: AFFORDABLE HOUSING PROGRAM,Wash. Rev. Code § 43.185A.030,43.185A,Unknown,2026-05-02,chapter 43.185a.030 rcw dispositions: affordable housing program home / state laws and rules / rcws / dispositions / title 43 / chapter 43.185a print chapter 43.185a.030 rcw dispositions affordable housing program sections 43.185a.030 activities eligible for assistance. [2013 c 145 § 5; 2011 1st sp.,community land trust,Low,,Affordability Covenants,44a2880c4dadf0fa52fd75cb9819bcedd4652fc9fa2aeb905e8f5f9eed3e86a3,,,affordable housing
WA,code site,https://app.leg.wa.gov/rcw/default.aspx?cite=43.185A.031,,Wash. Rev. Code § 43.185A.031,43.185A,Unknown,2026-05-02,"home / state laws and rules / rcws / title 43 / chapter 43.185a / section 43.185a.031 print citation not found the citation you requested cannot be found. please verify that you have a valid rcw citation and try again or look in the rcw dispositions for rcw sections that have been repealed, expired,",community land trust,Low,,Definition of CLT,931878c8bfba71bc4aed9d73045859604fa3fa95c21e5b7956ec8ee534717132,,,
WA,code site,https://app.leg.wa.gov/rcw/default.aspx?cite=43.185A.032,,Wash. Rev. Code § 43.185A.032,43.185A,Unknown,2026-05-02,"home / state laws and rules / rcws / title 43 / chapter 43.185a / section 43.185a.032 print citation not found the citation you requested cannot be found. please verify that you have a valid rcw citation and try again or look in the rcw dispositions for rcw sections that have been repealed, expired,",community land trust,Low,,Definition of CLT,9fb9590cfc7680102db95532d60896e1f450b0e96e4de3c3966da242c3b93fa4,,,
WA,code site,https://app.leg.wa.gov/rcw/default.aspx?cite=43.185A.033,,Wash. Rev. Code § 43.185A.033,43.185A,Unknown,2026-05-02,"home / state laws and rules / rcws / title 43 / chapter 43.185a / section 43.185a.033 print citation not found the citation you requested cannot be found. please verify that you have a valid rcw citation and try again or look in the rcw dispositions for rcw sections that have been repealed, expired,",community land trust,Low,,Definition of CLT,efc256f801d70c0a8ad71f59bab286d23b2ca832a3fe6f86b6cbf6100a88d2f2,,,
WA,code site,https://app.leg.wa.gov/rcw/default.aspx?cite=43.185A.034,,Wash. Rev. Code § 43.185A.034,43.185A,Unknown,2026-05-02,"home / state laws and rules / rcws / title 43 / chapter 43.185a / section 43.185a.034 print citation not found the citation you requested cannot be found. please verify that you have a valid rcw citation and try again or look in the rcw dispositions for rcw sections that have been repealed, expired,",community land trust,Low,,Definition of CLT,4a46d4756c34657f4edc24ce08d5f80ac6524c8715840e5f6e9206f1efba2c3c,,,
WA,code site,https://app.leg.wa.gov/rcw/default.aspx?cite=43.185A.035,,Wash. Rev. Code § 43.185A.035,43.185A,Unknown,2026-05-02,"home / state laws and rules / rcws / title 43 / chapter 43.185a / section 43.185a.035 print citation not found the citation you requested cannot be found. please verify that you have a valid rcw citation and try again or look in the rcw dispositions for rcw sections that have been repealed, expired,",community land trust,Low,,Definition of CLT,e63b7feeb7a2e33315add903e2e6dcec55b6477ac885e8d40935ea6fd4000df5,,,
WA,code site,https://app.leg.wa.gov/rcw/default.aspx?cite=43.185A.036,,Wash. Rev. Code § 43.185A.036,43.185A,Unknown,2026-05-02,"home / state laws and rules / rcws / title 43 / chapter 43.185a / section 43.185a.036 print citation not found the citation you requested cannot be found. please verify that you have a valid rcw citation and try again or look in the rcw dispositions for rcw sections that have been repealed, expired,",community land trust,Low,,Definition of CLT,b32c149388f1d6119df1d2a9a3c0404bf92bd86f798ed90135486136f880a8b4,,,
WA,code site,https://app.leg.wa.gov/rcw/default.aspx?cite=43.185A.037,,Wash. Rev. Code § 43.185A.037,43.185A,Unknown,2026-05-02,"home / state laws and rules / rcws / title 43 / chapter 43.185a / section 43.185a.037 print citation not found the citation you requested cannot be found. please verify that you have a valid rcw citation and try again or look in the rcw dispositions for rcw sections that have been repealed, expired,",community land trust,Low,,Definition of CLT,919fb9ac651784697056f6ef5cac4f04c49c3421dec908936487206b36c464c1,,,
WA,code site,https://app.leg.wa.gov/rcw/default.aspx?cite=43.185A.038,,Wash. Rev. Code § 43.185A.038,43.185A,Unknown,2026-05-02,"home / state laws and rules / rcws / title 43 / chapter 43.185a / section 43.185a.038 print citation not found the citation you requested cannot be found. please verify that you have a valid rcw citation and try again or look in the rcw dispositions for rcw sections that have been repealed, expired,",community land trust,Low,,Definition of CLT,27ec09f3955921d959fceefe8b6b96938693aa5ea378b8211455985d3b861b1a,,,
WA,code site,https://app.leg.wa.gov/rcw/default.aspx?cite=43.185A.039,,Wash. Rev. Code § 43.185A.039,43.185A,Unknown,2026-05-02,"home / state laws and rules / rcws / title 43 / chapter 43.185a / section 43.185a.039 print citation not found the citation you requested cannot be found. please verify that you have a valid rcw citation and try again or look in the rcw dispositions for rcw sections that have been repealed, expired,",community land trust,Low,,Definition of CLT,2aa097e727476d944ce43d54ac8e11023686faa09ca0c422b42766795c852e7b,,,
WA,code site,https://app.leg.wa.gov/rcw/default.aspx?cite=43.185A.040,RCW 43.185A.040:,Wash. Rev. Code § 43.185A.040,43.185A,Unknown,2026-05-02,"rcw 43.185a.040: home / state laws and rules / rcws / title 43 / chapter 43.185a / section 43.185a.040 print 43.185a.020 << 43.185a.040 >> 43.185a.060 pdf rcw 43.185a.040 eligible organizations. organizations that may receive assistance from the department under this chapter are local governments, l",community land trust,Low,,Definition of CLT,02ae6661463b132433f26d5c8bd5b77a19430282b779487b3308a46146ee370b,,,
WA,code site,https://app.leg.wa.gov/rcw/default.aspx?cite=43.185A.041,,Wash. Rev. Code § 43.185A.041,43.185A,Unknown,2026-05-02,"home / state laws and rules / rcws / title 43 / chapter 43.185a / section 43.185a.041 print citation not found the citation you requested cannot be found. please verify that you have a valid rcw citation and try again or look in the rcw dispositions for rcw sections that have been repealed, expired,",community land trust,Low,,Definition of CLT,2a8d49679bfe9c609df0ffb4bf52bf07292fc6a80f0ab34c9bbdad54d555acbb,,,
WA,code site,https://app.leg.wa.gov/rcw/default.aspx?cite=43.185A.042,,Wash. Rev. Code § 43.185A.042,43.185A,Unknown,2026-05-02,"home / state laws and rules / rcws / title 43 / chapter 43.185a / section 43.185a.042 print citation not found the citation you requested cannot be found. please verify that you have a valid rcw citation and try again or look in the rcw dispositions for rcw sections that have been repealed, expired,",community land trust,Low,,Definition of CLT,fc43f87e8468e622280986dc21355f44e10153dac004e69b4039735c4cdcfcc7,,,
WA,code site,https://app.leg.wa.gov/rcw/default.aspx?cite=43.185A.043,,Wash. Rev. Code § 43.185A.043,43.185A,Unknown,2026-05-02,"home / state laws and rules / rcws / title 43 / chapter 43.185a / section 43.185a.043 print citation not found the citation you requested cannot be found. please verify that you have a valid rcw citation and try again or look in the rcw dispositions for rcw sections that have been repealed, expired,",community land trust,Low,,Definition of CLT,3f43b26d1f4fa5a21c647f7a1d1260c6685ca56069f1f697c828f100459caa90,,,
WA,code site,https://app.leg.wa.gov/rcw/default.aspx?cite=43.185A.044,,Wash. Rev. Code § 43.185A.044,43.185A,Unknown,2026-05-02,"home / state laws and rules / rcws / title 43 / chapter 43.185a / section 43.185a.044 print citation not found the citation you requested cannot be found. please verify that you have a valid rcw citation and try again or look in the rcw dispositions for rcw sections that have been repealed, expired,",community land trust,Low,,Definition of CLT,968fcd23884be7aefa86965a10c1c53b3b21de13c59cde7e67c4a4c5598edd9f,,,
WA,code site,https://app.leg.wa.gov/rcw/default.aspx?cite=43.185A.045,,Wash. Rev. Code § 43.185A.045,43.185A,Unknown,2026-05-02,"home / state laws and rules / rcws / title 43 / chapter 43.185a / section 43.185a.045 print citation not found the citation you requested cannot be found. please verify that you have a valid rcw citation and try again or look in the rcw dispositions for rcw sections that have been repealed, expired,",community land trust,Low,,Definition of CLT,8650fb91a62c01144f804b3b2db902e5e2712e5da06bb6e6206b3420a4388d75,,,
WA,code site,https://app.leg.wa.gov/rcw/default.aspx?cite=43.185A.046,,Wash. Rev. Code § 43.185A.046,43.185A,Unknown,2026-05-02,"home / state laws and rules / rcws / title 43 / chapter 43.185a / section 43.185a.046 print citation not found the citation you requested cannot be found. please verify that you have a valid rcw citation and try again or look in the rcw dispositions for rcw sections that have been repealed, expired,",community land trust,Low,,Definition of CLT,678f0bc1f8409a196977dfb7e6bb9ca9b428e21b961e02e40a45d739ec49325e,,,
WA,code site,https://app.leg.wa.gov/rcw/default.aspx?cite=43.185A.047,,Wash. Rev. Code § 43.185A.047,43.185A,Unknown,2026-05-02,"home / state laws and rules / rcws / title 43 / chapter 43.185a / section 43.185a.047 print citation not found the citation you requested cannot be found. please verify that you have a valid rcw citation and try again or look in the rcw dispositions for rcw sections that have been repealed, expired,",community land trust,Low,,Definition of CLT,4f97b8f303c33f0651217e2e232707640a57f1f2c352ff107cf20e9c6443f241,,,
WA,code site,https://app.leg.wa.gov/rcw/default.aspx?cite=43.185A.048,,Wash. Rev. Code § 43.185A.048,43.185A,Unknown,2026-05-02,"home / state laws and rules / rcws / title 43 / chapter 43.185a / section 43.185a.048 print citation not found the citation you requested cannot be found. please verify that you have a valid rcw citation and try again or look in the rcw dispositions for rcw sections that have been repealed, expired,",community land trust,Low,,Definition of CLT,383602723ed9368fba666142993c5255b6dc6a97d0271c8a611680f34e8a53d3,,,
WA,code site,https://app.leg.wa.gov/rcw/default.aspx?cite=43.185A.049,,Wash. Rev. Code § 43.185A.049,43.185A,Unknown,2026-05-02,"home / state laws and rules / rcws / title 43 / chapter 43.185a / section 43.185a.049 print citation not found the citation you requested cannot be found. please verify that you have a valid rcw citation and try again or look in the rcw dispositions for rcw sections that have been repealed, expired,",community land trust,Low,,Definition of CLT,828b13762ca9dd3cf7696ff815afc8187fc8637043832f39cc4f3ec988d52c3d,,,
WA,code site,https://app.leg.wa.gov/rcw/default.aspx?cite=43.185A.050,Chapter 43.185A.050 RCW dispositions: AFFORDABLE HOUSING PROGRAM,Wash. Rev. Code § 43.185A.050,43.185A,Unknown,2026-05-02,chapter 43.185a.050 rcw dispositions: affordable housing program home / state laws and rules / rcws / dispositions / title 43 / chapter 43.185a print chapter 43.185a.050 rcw dispositions affordable housing program sections 43.185a.030 activities eligible for assistance. [2013 c 145 § 5; 2011 1st sp.,community land trust,Low,,Affordability Covenants,e84463ce1655202a6e198c3e56413711392e05ab40f055e5d2afaf58d4a4326d,,,affordable housing
WA,code site,https://app.leg.wa.gov/rcw/default.aspx?cite=84.14.001,,Wash. Rev. Code § 84.14.001,84.14,Unknown,2026-05-02,"home / state laws and rules / rcws / title 84 / chapter 84.14 / section 84.14.001 print citation not found the citation you requested cannot be found. please verify that you have a valid rcw citation and try again or look in the rcw dispositions for rcw sections that have been repealed, expired, dec",community land trust,Low,,Definition of CLT,1cfa9b590ad8bc736bb67a7743067e1800a2cf428c8290fe35ee857e4bb505b2,,,
WA,code site,https://app.leg.wa.gov/rcw/default.aspx?cite=84.14.002,,Wash. Rev. Code § 84.14.002,84.14,Unknown,2026-05-02,"home / state laws and rules / rcws / title 84 / chapter 84.14 / section 84.14.002 print citation not found the citation you requested cannot be found. please verify that you have a valid rcw citation and try again or look in the rcw dispositions for rcw sections that have been repealed, expired, dec",community land trust,Low,,Definition of CLT,9214be456bf344801681c2fd96e4b19dd1cfcb9b982fa44f62b88e1efae6c618,,,
WA,code site,https://app.leg.wa.gov/rcw/default.aspx?cite=84.14.003,,Wash. Rev. Code § 84.14.003,84.14,Unknown,2026-05-02,"home / state laws and rules / rcws / title 84 / chapter 84.14 / section 84.14.003 print citation not found the citation you requested cannot be found. please verify that you have a valid rcw citation and try again or look in the rcw dispositions for rcw sections that have been repealed, expired, dec",community land trust,Low,,Definition of CLT,3a95fca10c23ea85a4700545dcb0f33e4e2fa0fe9ba6701d6e04debb0db42ccf,,,
WA,code site,https://app.leg.wa.gov/rcw/default.aspx?cite=84.14.004,,Wash. Rev. Code § 84.14.004,84.14,Unknown,2026-05-02,"home / state laws and rules / rcws / title 84 / chapter 84.14 / section 84.14.004 print citation not found the citation you requested cannot be found. please verify that you have a valid rcw citation and try again or look in the rcw dispositions for rcw sections that have been repealed, expired, dec",community land trust,Low,,Definition of CLT,d2d633d3370c5654dd4a2361eead8ac195ff75df788ee4955ee367e83a4c16d3,,,
WA,code site,https://app.leg.wa.gov/rcw/default.aspx?cite=84.14.005,RCW 84.14.005:,Wash. Rev. Code § 84.14.005,84.14,Unknown,2026-05-02,rcw 84.14.005: home / state laws and rules / rcws / title 84 / chapter 84.14 / section 84.14.005 print beginning of chapter << 84.14.005 >> 84.14.007 pdf rcw 84.14.005 findings — intent. (1) the legislature finds: (a) that in many of washington's urban centers there is insufficient availability of d,community land trust,Low,,Definition of CLT,5821253479da5bb6039a44bcb971d45168832c40d494f78e13b3c95612d1c995,,"concept_combo:permanently affordable, affordable housing",permanently affordable; affordable housing; workforce housing
WA,code site,https://app.leg.wa.gov/rcw/default.aspx?cite=84.14.006,,Wash. Rev. Code § 84.14.006,84.14,Unknown,2026-05-02,"home / state laws and rules / rcws / title 84 / chapter 84.14 / section 84.14.006 print citation not found the citation you requested cannot be found. please verify that you have a valid rcw citation and try again or look in the rcw dispositions for rcw sections that have been repealed, expired, dec",community land trust,Low,,Definition of CLT,f0d3515ed815cdf591b2b7412f93c750fe27804c87b66bccaf7a9ff2fdaf01e2,,,
WA,code site,https://app.leg.wa.gov/rcw/default.aspx?cite=84.14.007,RCW 84.14.007:,Wash. Rev. Code § 84.14.007,84.14,Unknown,2026-05-02,"rcw 84.14.007: home / state laws and rules / rcws / title 84 / chapter 84.14 / section 84.14.007 print 84.14.005 << 84.14.007 >> 84.14.010 pdf rcw 84.14.007 purpose. it is the purpose of this chapter to encourage increased residential opportunities, including affordable housing opportunities, in cit",community land trust,Low,,Affordability Covenants,f76e34f074715fbe199fe02d8882a3d37a03538a2afa9742c3c8e74103805ae8,,,affordable housing
WA,code site,https://app.leg.wa.gov/rcw/default.aspx?cite=84.14.008,,Wash. Rev. Code § 84.14.008,84.14,Unknown,2026-05-02,"home / state laws and rules / rcws / title 84 / chapter 84.14 / section 84.14.008 print citation not found the citation you requested cannot be found. please verify that you have a valid rcw citation and try again or look in the rcw dispositions for rcw sections that have been repealed, expired, dec",community land trust,Low,,Definition of CLT,46ab7cee0a7aba1ffeea43a10a876d510828b232a6390092a8375c2fe87dac47,,,
WA,code site,https://app.leg.wa.gov/rcw/default.aspx?cite=84.14.009,,Wash. Rev. Code § 84.14.009,84.14,Unknown,2026-05-02,"home / state laws and rules / rcws / title 84 / chapter 84.14 / section 84.14.009 print citation not found the citation you requested cannot be found. please verify that you have a valid rcw citation and try again or look in the rcw dispositions for rcw sections that have been repealed, expired, dec",community land trust,Low,,Definition of CLT,2044f5947ad6fcb1c0bdeb755ffb6cd9c6bcb5c363bda5026c1a428e67ab71c9,,,
WA,code site,https://app.leg.wa.gov/rcw/default.aspx?cite=84.14.010,RCW 84.14.010:,Wash. Rev. Code § 84.14.010,84.14,Amended,2026-05-02,"rcw 84.14.010: home / state laws and rules / rcws / title 84 / chapter 84.14 / section 84.14.010 print 84.14.007 << 84.14.010 >> 84.14.015 pdf rcw 84.14.010 definitions. the definitions in this section apply throughout this chapter unless the context clearly requires otherwise. (1) ""affordable housi",community land trust,Low,,Definition of CLT,b5c1bdd376405707a43e18a29351ded5b5bb83f94af29261f59fc610df1f9e8b,,,affordable housing
WA,code site,https://app.leg.wa.gov/rcw/default.aspx?cite=84.14.011,,Wash. Rev. Code § 84.14.011,84.14,Unknown,2026-05-02,"home / state laws and rules / rcws / title 84 / chapter 84.14 / section 84.14.011 print citation not found the citation you requested cannot be found. please verify that you have a valid rcw citation and try again or look in the rcw dispositions for rcw sections that have been repealed, expired, dec",community land trust,Low,,Definition of CLT,ae789d324134847c4b65bd2db86f6f0a311a5d348e24a767d8a20129932f3ee2,,,
WA,code site,https://app.leg.wa.gov/rcw/default.aspx?cite=84.14.012,,Wash. Rev. Code § 84.14.012,84.14,Unknown,2026-05-02,"home / state laws and rules / rcws / title 84 / chapter 84.14 / section 84.14.012 print citation not found the citation you requested cannot be found. please verify that you have a valid rcw citation and try again or look in the rcw dispositions for rcw sections that have been repealed, expired, dec",community land trust,Low,,Definition of CLT,3610c6455c4c15dd73a15eaa9e3019adb1da50fc92c4288b4e750848ef9edf1b,,,
WA,code site,https://app.leg.wa.gov/rcw/default.aspx?cite=84.14.013,,Wash. Rev. Code § 84.14.013,84.14,Unknown,2026-05-02,"home / state laws and rules / rcws / title 84 / chapter 84.14 / section 84.14.013 print citation not found the citation you requested cannot be found. please verify that you have a valid rcw citation and try again or look in the rcw dispositions for rcw sections that have been repealed, expired, dec",community land trust,Low,,Definition of CLT,0ce9f94d6882ab57226f3dc7a1f6c58fdf03c372b866dc74400a7f693b728914,,,
WA,code site,https://app.leg.wa.gov/rcw/default.aspx?cite=84.14.014,,Wash. Rev. Code § 84.14.014,84.14,Unknown,2026-05-02,"home / state laws and rules / rcws / title 84 / chapter 84.14 / section 84.14.014 print citation not found the citation you requested cannot be found. please verify that you have a valid rcw citation and try again or look in the rcw dispositions for rcw sections that have been repealed, expired, dec",community land trust,Low,,Definition of CLT,faf695daf5e54913094464e0d359aa3a450a5d583a60c60f71fad4043727c358,,,
WA,code site,https://app.leg.wa.gov/rcw/default.aspx?cite=84.14.015,RCW 84.14.015:,Wash. Rev. Code § 84.14.015,84.14,Unknown,2026-05-02,rcw 84.14.015: home / state laws and rules / rcws / title 84 / chapter 84.14 / section 84.14.015 print 84.14.010 << 84.14.015 >> 84.14.020 pdf rcw 84.14.015 transit-oriented development — application standards. the governing authority of a city with a station area must adopt and implement standards ,community land trust,Low,,Definition of CLT,bc4af51e1d8f85c52a8b44b69af3c399d6c1173ddd50eddb944f1ddb3c96a9f8,,,
WA,code site,https://app.leg.wa.gov/rcw/default.aspx?cite=84.14.016,,Wash. Rev. Code § 84.14.016,84.14,Unknown,2026-05-02,"home / state laws and rules / rcws / title 84 / chapter 84.14 / section 84.14.016 print citation not found the citation you requested cannot be found. please verify that you have a valid rcw citation and try again or look in the rcw dispositions for rcw sections that have been repealed, expired, dec",community land trust,Low,,Definition of CLT,d5426ec3109f78285e8b91be0e2cc545266d4fddf88c352efcd68ac1f2ad27db,,,
WA,code site,https://app.leg.wa.gov/rcw/default.aspx?cite=84.14.017,,Wash. Rev. Code § 84.14.017,84.14,Unknown,2026-05-02,"home / state laws and rules / rcws / title 84 / chapter 84.14 / section 84.14.017 print citation not found the citation you requested cannot be found. please verify that you have a valid rcw citation and try again or look in the rcw dispositions for rcw sections that have been repealed, expired, dec",community land trust,Low,,Definition of CLT,5cb87926ae06dd96657cc3b400002c106e3c45f86d5155f47ece61cba77e7d00,,,
WA,code site,https://app.leg.wa.gov/rcw/default.aspx?cite=84.14.018,,Wash. Rev. Code § 84.14.018,84.14,Unknown,2026-05-02,"home / state laws and rules / rcws / title 84 / chapter 84.14 / section 84.14.018 print citation not found the citation you requested cannot be found. please verify that you have a valid rcw citation and try again or look in the rcw dispositions for rcw sections that have been repealed, expired, dec",community land trust,Low,,Definition of CLT,665a2554f7b77c295bf27363123f06195e39eb20f44c5abbeadd3c5ef2e77174,,,
WA,code site,https://app.leg.wa.gov/rcw/default.aspx?cite=84.14.019,,Wash. Rev. Code § 84.14.019,84.14,Unknown,2026-05-02,"home / state laws and rules / rcws / title 84 / chapter 84.14 / section 84.14.019 print citation not found the citation you requested cannot be found. please verify that you have a valid rcw citation and try again or look in the rcw dispositions for rcw sections that have been repealed, expired, dec",community land trust,Low,,Definition of CLT,7655feb815b4e62efb4211da8e554f73903a2924f54aba298871826781fd665d,,,
WA,code site,https://app.leg.wa.gov/rcw/default.aspx?cite=84.14.020,RCW 84.14.020:,Wash. Rev. Code § 84.14.020,84.14,Amended,2026-05-02,rcw 84.14.020: home / state laws and rules / rcws / title 84 / chapter 84.14 / section 84.14.020 print 84.14.015 << 84.14.020 >> 84.14.021 pdf rcw 84.14.020 exemption — duration — valuation — relocation assistance. *** change in 2026 *** (see 2451-s2.sl ) *** (1)(a) the value of new housing construc,community land trust,Low,,Definition of CLT,5bc78fa7562e4a8203b34b3fd22226868e4ae501008fa5d954435431c7829f3f,,"state_fallback_wa:permanently affordable, low-income housing",permanently affordable; low-income housing
WA,code site,https://app.leg.wa.gov/rcw/default.aspx?cite=84.14.021,RCW 84.14.021:,Wash. Rev. Code § 84.14.021,84.14,Unknown,2026-05-02,"rcw 84.14.021: home / state laws and rules / rcws / title 84 / chapter 84.14 / section 84.14.021 print 84.14.020 << 84.14.021 >> 84.14.030 pdf rcw 84.14.021 exemption — duration — valuation — new construction. (1)(a) the value of new housing construction, conversion, and rehabilitation improvements ",community land trust,Low,,Definition of CLT,56593b9149060ad8632100341efe0b24606304759e14c065e4c2e38354799c28,,"state_fallback_wa:permanently affordable, permanent affordability",permanently affordable; permanent affordability; resale restriction; ground lease
WA,code site,https://app.leg.wa.gov/rcw/default.aspx?cite=84.14.022,,Wash. Rev. Code § 84.14.022,84.14,Unknown,2026-05-02,"home / state laws and rules / rcws / title 84 / chapter 84.14 / section 84.14.022 print citation not found the citation you requested cannot be found. please verify that you have a valid rcw citation and try again or look in the rcw dispositions for rcw sections that have been repealed, expired, dec",community land trust,Low,,Definition of CLT,6ff5ae1392ffa16b36b4ec78e300c4265c420a298376641ebd22646ebb5e65fd,,,
WA,code site,https://app.leg.wa.gov/rcw/default.aspx?cite=84.14.023,,Wash. Rev. Code § 84.14.023,84.14,Unknown,2026-05-02,"home / state laws and rules / rcws / title 84 / chapter 84.14 / section 84.14.023 print citation not found the citation you requested cannot be found. please verify that you have a valid rcw citation and try again or look in the rcw dispositions for rcw sections that have been repealed, expired, dec",community land trust,Low,,Definition of CLT,f79e85cf5398d716821c6cb25e68fc920767b13b29e53a4c5519be0bd1dc364e,,,
WA,code site,https://app.leg.wa.gov/rcw/default.aspx?cite=84.14.024,,Wash. Rev. Code § 84.14.024,84.14,Unknown,2026-05-02,"home / state laws and rules / rcws / title 84 / chapter 84.14 / section 84.14.024 print citation not found the citation you requested cannot be found. please verify that you have a valid rcw citation and try again or look in the rcw dispositions for rcw sections that have been repealed, expired, dec",community land trust,Low,,Definition of CLT,e1b63dc5c84c64cf79769b190f7e1a6a70cef90059a38740f8bc5cd30eab7d92,,,
WA,code site,https://app.leg.wa.gov/rcw/default.aspx?cite=84.14.025,,Wash. Rev. Code § 84.14.025,84.14,Unknown,2026-05-02,"home / state laws and rules / rcws / title 84 / chapter 84.14 / section 84.14.025 print citation not found the citation you requested cannot be found. please verify that you have a valid rcw citation and try again or look in the rcw dispositions for rcw sections that have been repealed, expired, dec",community land trust,Low,,Definition of CLT,0ed228666bb53590c615a00a6b83ba40bdfe07cc292f7c41e48c7d95608f201b,,,
WA,code site,https://app.leg.wa.gov/rcw/default.aspx?cite=84.14.026,,Wash. Rev. Code § 84.14.026,84.14,Unknown,2026-05-02,"home / state laws and rules / rcws / title 84 / chapter 84.14 / section 84.14.026 print citation not found the citation you requested cannot be found. please verify that you have a valid rcw citation and try again or look in the rcw dispositions for rcw sections that have been repealed, expired, dec",community land trust,Low,,Definition of CLT,cd395e674e99451c81f435e71064cbe945809622d6ee2080ab620091aab4ed40,,,
WA,code site,https://app.leg.wa.gov/rcw/default.aspx?cite=84.14.027,,Wash. Rev. Code § 84.14.027,84.14,Unknown,2026-05-02,"home / state laws and rules / rcws / title 84 / chapter 84.14 / section 84.14.027 print citation not found the citation you requested cannot be found. please verify that you have a valid rcw citation and try again or look in the rcw dispositions for rcw sections that have been repealed, expired, dec",community land trust,Low,,Definition of CLT,dd4544ba35c922595ecd41c6544237eaaa39f62662fc1ea1887eb7691ddc0398,,,
WA,code site,https://app.leg.wa.gov/rcw/default.aspx?cite=84.14.028,,Wash. Rev. Code § 84.14.028,84.14,Unknown,2026-05-02,"home / state laws and rules / rcws / title 84 / chapter 84.14 / section 84.14.028 print citation not found the citation you requested cannot be found. please verify that you have a valid rcw citation and try again or look in the rcw dispositions for rcw sections that have been repealed, expired, dec",community land trust,Low,,Definition of CLT,f2a2affc8c4a00775789099ea416085172d2ba007b3a019404cdbf11be02b768,,,
WA,code site,https://app.leg.wa.gov/rcw/default.aspx?cite=84.14.029,,Wash. Rev. Code § 84.14.029,84.14,Unknown,2026-05-02,"home / state laws and rules / rcws / title 84 / chapter 84.14 / section 84.14.029 print citation not found the citation you requested cannot be found. please verify that you have a valid rcw citation and try again or look in the rcw dispositions for rcw sections that have been repealed, expired, dec",community land trust,Low,,Definition of CLT,cc5137f7b6aeb1291044dcaf58b7db9615cecec13527c22ccebe8057fb896eb2,,,
WA,code site,https://app.leg.wa.gov/rcw/default.aspx?cite=84.14.030,RCW 84.14.030:,Wash. Rev. Code § 84.14.030,84.14,Unknown,2026-05-02,rcw 84.14.030: home / state laws and rules / rcws / title 84 / chapter 84.14 / section 84.14.030 print 84.14.021 << 84.14.030 >> 84.14.040 pdf rcw 84.14.030 application — requirements. an owner of property making application under this chapter must meet the following requirements: (1) the new or reh,community land trust,Low,,Definition of CLT,cefe458720ea0b4fc4ee40ef44df2533dabe73ef96fb5dbd4cc81138b47f334c,,,
WA,code site,https://app.leg.wa.gov/rcw/default.aspx?cite=84.14.031,,Wash. Rev. Code § 84.14.031,84.14,Unknown,2026-05-02,"home / state laws and rules / rcws / title 84 / chapter 84.14 / section 84.14.031 print citation not found the citation you requested cannot be found. please verify that you have a valid rcw citation and try again or look in the rcw dispositions for rcw sections that have been repealed, expired, dec",community land trust,Low,,Definition of CLT,eecd447cb26467ff195058ae08704e4838f328ae7bdab7d3673c6f17664116da,,,
WA,code site,https://app.leg.wa.gov/rcw/default.aspx?cite=84.14.032,,Wash. Rev. Code § 84.14.032,84.14,Unknown,2026-05-02,"home / state laws and rules / rcws / title 84 / chapter 84.14 / section 84.14.032 print citation not found the citation you requested cannot be found. please verify that you have a valid rcw citation and try again or look in the rcw dispositions for rcw sections that have been repealed, expired, dec",community land trust,Low,,Definition of CLT,c3bbbc3edc493d059a1109f9bbbfa71c3392f8bc7a1eb72480784fe85540621a,,,
WA,code site,https://app.leg.wa.gov/rcw/default.aspx?cite=84.14.033,,Wash. Rev. Code § 84.14.033,84.14,Unknown,2026-05-02,"home / state laws and rules / rcws / title 84 / chapter 84.14 / section 84.14.033 print citation not found the citation you requested cannot be found. please verify that you have a valid rcw citation and try again or look in the rcw dispositions for rcw sections that have been repealed, expired, dec",community land trust,Low,,Definition of CLT,c531aa7bef38da8f1312acd833f5af11e2a244f1907f2b65222e579d7b1c99d3,,,
WA,code site,https://app.leg.wa.gov/rcw/default.aspx?cite=84.14.034,,Wash. Rev. Code § 84.14.034,84.14,Unknown,2026-05-02,"home / state laws and rules / rcws / title 84 / chapter 84.14 / section 84.14.034 print citation not found the citation you requested cannot be found. please verify that you have a valid rcw citation and try again or look in the rcw dispositions for rcw sections that have been repealed, expired, dec",community land trust,Low,,Definition of CLT,9f73f1847a87709d7f82a7249ca51dc7b3792ae98c5e06e3ee8cf1958b6cdbe5,,,
WA,code site,https://app.leg.wa.gov/rcw/default.aspx?cite=84.14.035,,Wash. Rev. Code § 84.14.035,84.14,Unknown,2026-05-02,"home / state laws and rules / rcws / title 84 / chapter 84.14 / section 84.14.035 print citation not found the citation you requested cannot be found. please verify that you have a valid rcw citation and try again or look in the rcw dispositions for rcw sections that have been repealed, expired, dec",community land trust,Low,,Definition of CLT,83682b003a006c5615a5bfb525b5313ef031c1ab238f10073fdb0868345bcc09,,,
WA,code site,https://app.leg.wa.gov/rcw/default.aspx?cite=84.14.036,,Wash. Rev. Code § 84.14.036,84.14,Unknown,2026-05-02,"home / state laws and rules / rcws / title 84 / chapter 84.14 / section 84.14.036 print citation not found the citation you requested cannot be found. please verify that you have a valid rcw citation and try again or look in the rcw dispositions for rcw sections that have been repealed, expired, dec",community land trust,Low,,Definition of CLT,9371b1e7f1f613fd1f9b4bb2fb034dfb7447ab249ff1ac8e6d7cb5d5e9e76209,,,
WA,code site,https://app.leg.wa.gov/rcw/default.aspx?cite=84.14.037,,Wash. Rev. Code § 84.14.037,84.14,Unknown,2026-05-02,"home / state laws and rules / rcws / title 84 / chapter 84.14 / section 84.14.037 print citation not found the citation you requested cannot be found. please verify that you have a valid rcw citation and try again or look in the rcw dispositions for rcw sections that have been repealed, expired, dec",community land trust,Low,,Definition of CLT,e773e3863efeba86b9cce7f0508ab1c8aa19745692bb8b9da7fd639fb48b9b12,,,
WA,code site,https://app.leg.wa.gov/rcw/default.aspx?cite=84.14.038,,Wash. Rev. Code § 84.14.038,84.14,Unknown,2026-05-02,"home / state laws and rules / rcws / title 84 / chapter 84.14 / section 84.14.038 print citation not found the citation you requested cannot be found. please verify that you have a valid rcw citation and try again or look in the rcw dispositions for rcw sections that have been repealed, expired, dec",community land trust,Low,,Definition of CLT,9dca6a7c3e782fbb3eedd8109b5e78d8ccbdba2ae46fb9d3509ec5ffef0fe706,,,
WA,code site,https://app.leg.wa.gov/rcw/default.aspx?cite=84.14.039,,Wash. Rev. Code § 84.14.039,84.14,Unknown,2026-05-02,"home / state laws and rules / rcws / title 84 / chapter 84.14 / section 84.14.039 print citation not found the citation you requested cannot be found. please verify that you have a valid rcw citation and try again or look in the rcw dispositions for rcw sections that have been repealed, expired, dec",community land trust,Low,,Definition of CLT,fab0f3fdf97008349e4f971b2c33ddc402b18cadbcb45d2dfcf1198df81f53da,,,
WA,code site,https://app.leg.wa.gov/rcw/default.aspx?cite=84.14.040,RCW 84.14.040:,Wash. Rev. Code § 84.14.040,84.14,Unknown,2026-05-02,"rcw 84.14.040: home / state laws and rules / rcws / title 84 / chapter 84.14 / section 84.14.040 print 84.14.030 << 84.14.040 >> 84.14.050 pdf rcw 84.14.040 designation of residential targeted area — criteria — local designation — hearing — standards, guidelines. (1) the following criteria must be m",community land trust,Low,,Definition of CLT,ed834bb50c3f314b8f64333f819ecfbf1c0b5c34c8b99f1c940af91a2d15d22f,,,affordable housing
WA,code site,https://app.leg.wa.gov/rcw/default.aspx?cite=84.14.041,,Wash. Rev. Code § 84.14.041,84.14,Unknown,2026-05-02,"home / state laws and rules / rcws / title 84 / chapter 84.14 / section 84.14.041 print citation not found the citation you requested cannot be found. please verify that you have a valid rcw citation and try again or look in the rcw dispositions for rcw sections that have been repealed, expired, dec",community land trust,Low,,Definition of CLT,906874186033f1e68ca5812cfffcb08458d3d68d0098a68a5ff5566bd8a06c26,,,
WA,code site,https://app.leg.wa.gov/rcw/default.aspx?cite=84.14.042,,Wash. Rev. Code § 84.14.042,84.14,Unknown,2026-05-02,"home / state laws and rules / rcws / title 84 / chapter 84.14 / section 84.14.042 print citation not found the citation you requested cannot be found. please verify that you have a valid rcw citation and try again or look in the rcw dispositions for rcw sections that have been repealed, expired, dec",community land trust,Low,,Definition of CLT,ed1149779e0bbd1bd509138b48a37bf18aa0597384e5d9fe2a3f5bb7abe1278a,,,
WA,code site,https://app.leg.wa.gov/rcw/default.aspx?cite=84.14.043,,Wash. Rev. Code § 84.14.043,84.14,Unknown,2026-05-02,"home / state laws and rules / rcws / title 84 / chapter 84.14 / section 84.14.043 print citation not found the citation you requested cannot be found. please verify that you have a valid rcw citation and try again or look in the rcw dispositions for rcw sections that have been repealed, expired, dec",community land trust,Low,,Definition of CLT,ca54c37cdb6db643585cf5a439e8691b27d28f154fbcffcc67254fe1fb8228cb,,,
WA,code site,https://app.leg.wa.gov/rcw/default.aspx?cite=84.14.044,,Wash. Rev. Code § 84.14.044,84.14,Unknown,2026-05-02,"home / state laws and rules / rcws / title 84 / chapter 84.14 / section 84.14.044 print citation not found the citation you requested cannot be found. please verify that you have a valid rcw citation and try again or look in the rcw dispositions for rcw sections that have been repealed, expired, dec",community land trust,Low,,Definition of CLT,b6a0a68c7a0a3de03b8e6886ad5164f296d4471f8f6814e7becb369d3c935d04,,,
WA,code site,https://app.leg.wa.gov/rcw/default.aspx?cite=84.14.045,,Wash. Rev. Code § 84.14.045,84.14,Unknown,2026-05-02,"home / state laws and rules / rcws / title 84 / chapter 84.14 / section 84.14.045 print citation not found the citation you requested cannot be found. please verify that you have a valid rcw citation and try again or look in the rcw dispositions for rcw sections that have been repealed, expired, dec",community land trust,Low,,Definition of CLT,eedd0b3b705a8f3ca673942d8eccedda0f445f55f7f7ba84f4ec7669bba62405,,,
WA,code site,https://app.leg.wa.gov/rcw/default.aspx?cite=84.14.046,,Wash. Rev. Code § 84.14.046,84.14,Unknown,2026-05-02,"home / state laws and rules / rcws / title 84 / chapter 84.14 / section 84.14.046 print citation not found the citation you requested cannot be found. please verify that you have a valid rcw citation and try again or look in the rcw dispositions for rcw sections that have been repealed, expired, dec",community land trust,Low,,Definition of CLT,d1a09cc5ed48262c411d479a82299b0ecd576acd1616999b99628db2b2e5d40d,,,
WA,code site,https://app.leg.wa.gov/rcw/default.aspx?cite=84.14.047,,Wash. Rev. Code § 84.14.047,84.14,Unknown,2026-05-02,"home / state laws and rules / rcws / title 84 / chapter 84.14 / section 84.14.047 print citation not found the citation you requested cannot be found. please verify that you have a valid rcw citation and try again or look in the rcw dispositions for rcw sections that have been repealed, expired, dec",community land trust,Low,,Definition of CLT,ef2273b9def69ddfc6b6cfbb6fdf619b6a3f45e282c7a6f2817fd03b7a3cb204,,,
WA,code site,https://app.leg.wa.gov/rcw/default.aspx?cite=84.14.048,,Wash. Rev. Code § 84.14.048,84.14,Unknown,2026-05-02,"home / state laws and rules / rcws / title 84 / chapter 84.14 / section 84.14.048 print citation not found the citation you requested cannot be found. please verify that you have a valid rcw citation and try again or look in the rcw dispositions for rcw sections that have been repealed, expired, dec",community land trust,Low,,Definition of CLT,25fb94a3f3de864ba17bfceb4c13efa015d7a188ed1cb0a2f493831751d12c72,,,
WA,code site,https://app.leg.wa.gov/rcw/default.aspx?cite=84.14.049,,Wash. Rev. Code § 84.14.049,84.14,Unknown,2026-05-02,"home / state laws and rules / rcws / title 84 / chapter 84.14 / section 84.14.049 print citation not found the citation you requested cannot be found. please verify that you have a valid rcw citation and try again or look in the rcw dispositions for rcw sections that have been repealed, expired, dec",community land trust,Low,,Definition of CLT,451359d67662d195799cd3944d1d666d3b8460c5dadeb8da9d3d958273e6387d,,,
WA,code site,https://app.leg.wa.gov/rcw/default.aspx?cite=84.14.050,RCW 84.14.050:,Wash. Rev. Code § 84.14.050,84.14,Unknown,2026-05-02,rcw 84.14.050: home / state laws and rules / rcws / title 84 / chapter 84.14 / section 84.14.050 print 84.14.040 << 84.14.050 >> 84.14.060 pdf rcw 84.14.050 application — procedures. an owner of property seeking tax incentives under this chapter must complete the following procedures: (1) in the cas,community land trust,Low,,Definition of CLT,60a555f575d02ddbca8c91d6d89393d15e98cb24c9f2c9d4e14bdd0f3cf4bdc4,,,
WA,code site,https://app.leg.wa.gov/rcw/default.aspx?cite=35.21.800,RCW 35.21.800:,Wash. Rev. Code § 35.21.800,35.21,Unknown,2026-05-02,"rcw 35.21.800: home / state laws and rules / rcws / title 35 / chapter 35.21 / section 35.21.800 print 35.21.790 << 35.21.800 >> 35.21.805 pdf rcw 35.21.800 foreign trade zones — legislative finding, intent. it is the finding of the legislature that foreign trade zones serve an important public purp",community land trust,Low,,Definition of CLT,2fcb20c8b75759fc959b3cbbc9f6406cf66991331f91b083898535c426478628,,,
WA,code site,https://app.leg.wa.gov/rcw/default.aspx?cite=35.21.801,,Wash. Rev. Code § 35.21.801,35.21,Unknown,2026-05-02,"home / state laws and rules / rcws / title 35 / chapter 35.21 / section 35.21.801 print citation not found the citation you requested cannot be found. please verify that you have a valid rcw citation and try again or look in the rcw dispositions for rcw sections that have been repealed, expired, dec",community land trust,Low,,Definition of CLT,3fb1944deb82011a7b5ad210259281380286ce4dcb1a5ee343abc0464e59950b,,,
WA,code site,https://app.leg.wa.gov/rcw/default.aspx?cite=35.21.802,,Wash. Rev. Code § 35.21.802,35.21,Unknown,2026-05-02,"home / state laws and rules / rcws / title 35 / chapter 35.21 / section 35.21.802 print citation not found the citation you requested cannot be found. please verify that you have a valid rcw citation and try again or look in the rcw dispositions for rcw sections that have been repealed, expired, dec",community land trust,Low,,Definition of CLT,a17c6d8f4d792f8a45a9d046e466a2faf5dd488473aed6b907c36a06935c5bcb,,,
WA,code site,https://app.leg.wa.gov/rcw/default.aspx?cite=35.21.803,,Wash. Rev. Code § 35.21.803,35.21,Unknown,2026-05-02,"home / state laws and rules / rcws / title 35 / chapter 35.21 / section 35.21.803 print citation not found the citation you requested cannot be found. please verify that you have a valid rcw citation and try again or look in the rcw dispositions for rcw sections that have been repealed, expired, dec",community land trust,Low,,Definition of CLT,e8ea15699656a069f7d9217c72a767747ba937e7d7590e5ee64d11fd6881087a,,,
WA,code site,https://app.leg.wa.gov/rcw/default.aspx?cite=35.21.804,,Wash. Rev. Code § 35.21.804,35.21,Unknown,2026-05-02,"home / state laws and rules / rcws / title 35 / chapter 35.21 / section 35.21.804 print citation not found the citation you requested cannot be found. please verify that you have a valid rcw citation and try again or look in the rcw dispositions for rcw sections that have been repealed, expired, dec",community land trust,Low,,Definition of CLT,f4f20cda0fb01efb1de298e72b6b90d8b8a7b0727028df9e8e39eda61d00b968,,,
WA,code site,https://app.leg.wa.gov/rcw/default.aspx?cite=35.21.805,RCW 35.21.805:,Wash. Rev. Code § 35.21.805,35.21,Unknown,2026-05-02,"rcw 35.21.805: home / state laws and rules / rcws / title 35 / chapter 35.21 / section 35.21.805 print 35.21.800 << 35.21.805 >> 35.21.810 pdf rcw 35.21.805 foreign trade zones — authority to apply for permission to establish, operate and maintain. a city or town, as zone sponsor, may apply to the u",community land trust,Low,,Definition of CLT,9fba62dd14100f7f0fd3372b8444612f64984111d3cbf8412ba7f3f2d578cf88,,,
WA,code site,https://app.leg.wa.gov/rcw/default.aspx?cite=35.21.806,,Wash. Rev. Code § 35.21.806,35.21,Unknown,2026-05-02,"home / state laws and rules / rcws / title 35 / chapter 35.21 / section 35.21.806 print citation not found the citation you requested cannot be found. please verify that you have a valid rcw citation and try again or look in the rcw dispositions for rcw sections that have been repealed, expired, dec",community land trust,Low,,Definition of CLT,1627d954aad91736267ef97e744223d56ab09fb47653b1b58449317ee5396629,,,
WA,code site,https://app.leg.wa.gov/rcw/default.aspx?cite=35.21.807,,Wash. Rev. Code § 35.21.807,35.21,Unknown,2026-05-02,"home / state laws and rules / rcws / title 35 / chapter 35.21 / section 35.21.807 print citation not found the citation you requested cannot be found. please verify that you have a valid rcw citation and try again or look in the rcw dispositions for rcw sections that have been repealed, expired, dec",community land trust,Low,,Definition of CLT,d46ff95a312c7e925fb4ed256b11b35e066dd40d59763b7d823aef57cf1947df,,,
WA,code site,https://app.leg.wa.gov/rcw/default.aspx?cite=35.21.808,,Wash. Rev. Code § 35.21.808,35.21,Unknown,2026-05-02,"home / state laws and rules / rcws / title 35 / chapter 35.21 / section 35.21.808 print citation not found the citation you requested cannot be found. please verify that you have a valid rcw citation and try again or look in the rcw dispositions for rcw sections that have been repealed, expired, dec",community land trust,Low,,Definition of CLT,7ebe2b1278914a550793db002daf60b14058dd8d6393b4ec67c8f2da1c273467,,,
WA,code site,https://app.leg.wa.gov/rcw/default.aspx?cite=35.21.809,,Wash. Rev. Code § 35.21.809,35.21,Unknown,2026-05-02,"home / state laws and rules / rcws / title 35 / chapter 35.21 / section 35.21.809 print citation not found the citation you requested cannot be found. please verify that you have a valid rcw citation and try again or look in the rcw dispositions for rcw sections that have been repealed, expired, dec",community land trust,Low,,Definition of CLT,c5aae916b148625c087157c58e9fa91a3bad56f28201446658279928b01d71f8,,,
WA,code site,https://app.leg.wa.gov/rcw/default.aspx?cite=35.21.810,RCW 35.21.810:,Wash. Rev. Code § 35.21.810,35.21,Unknown,2026-05-02,rcw 35.21.810: home / state laws and rules / rcws / title 35 / chapter 35.21 / section 35.21.810 print 35.21.805 << 35.21.810 >> 35.21.815 pdf rcw 35.21.810 hydroplane races — providing for restrooms and other services in public parks for spectators — admission fees — authorized. any city or town ma,community land trust,Low,,Definition of CLT,9699c0869898536b2f4d7933a473e66ecd4351f853e7cf7d5ffb38528d921bbd,,,
WA,code site,https://app.leg.wa.gov/rcw/default.aspx?cite=35.21.811,,Wash. Rev. Code § 35.21.811,35.21,Unknown,2026-05-02,"home / state laws and rules / rcws / title 35 / chapter 35.21 / section 35.21.811 print citation not found the citation you requested cannot be found. please verify that you have a valid rcw citation and try again or look in the rcw dispositions for rcw sections that have been repealed, expired, dec",community land trust,Low,,Definition of CLT,68351e74b99b573d2a8b807c1cd471b02cdca1b1390e916e881dba6979d3bc0f,,,
WA,code site,https://app.leg.wa.gov/rcw/default.aspx?cite=35.21.812,,Wash. Rev. Code § 35.21.812,35.21,Unknown,2026-05-02,"home / state laws and rules / rcws / title 35 / chapter 35.21 / section 35.21.812 print citation not found the citation you requested cannot be found. please verify that you have a valid rcw citation and try again or look in the rcw dispositions for rcw sections that have been repealed, expired, dec",community land trust,Low,,Definition of CLT,b11e8fb882d33e2eb693773d4f656d49da87c20655ef6a01e4604e525e188997,,,
WA,code site,https://app.leg.wa.gov/rcw/default.aspx?cite=35.21.813,,Wash. Rev. Code § 35.21.813,35.21,Unknown,2026-05-02,"home / state laws and rules / rcws / title 35 / chapter 35.21 / section 35.21.813 print citation not found the citation you requested cannot be found. please verify that you have a valid rcw citation and try again or look in the rcw dispositions for rcw sections that have been repealed, expired, dec",community land trust,Low,,Definition of CLT,5dbffdbaaa9805b4c1ccc4fcd8cff367c8bdbd7b159377f8c4bfb933f042274a,,,
WA,code site,https://app.leg.wa.gov/rcw/default.aspx?cite=35.21.814,,Wash. Rev. Code § 35.21.814,35.21,Unknown,2026-05-02,"home / state laws and rules / rcws / title 35 / chapter 35.21 / section 35.21.814 print citation not found the citation you requested cannot be found. please verify that you have a valid rcw citation and try again or look in the rcw dispositions for rcw sections that have been repealed, expired, dec",community land trust,Low,,Definition of CLT,d591d39d9550dd3618115bfd9d8ade65d28e5bdd803bf077df44d4d0eb575484,,,
WA,code site,https://app.leg.wa.gov/rcw/default.aspx?cite=35.21.815,RCW 35.21.815:,Wash. Rev. Code § 35.21.815,35.21,Unknown,2026-05-02,rcw 35.21.815: home / state laws and rules / rcws / title 35 / chapter 35.21 / section 35.21.815 print 35.21.810 << 35.21.815 >> 35.21.820 pdf rcw 35.21.815 hydroplane races — levying of admission charges declared public park purpose — reversion prohibited. it is hereby declared to be a legitimate p,community land trust,Low,,Definition of CLT,4055b422caa8c221a2267f59539c875bcb219c85db48394c90e14ee9fce45945,,,
WA,code site,https://app.leg.wa.gov/rcw/default.aspx?cite=35.21.816,,Wash. Rev. Code § 35.21.816,35.21,Unknown,2026-05-02,"home / state laws and rules / rcws / title 35 / chapter 35.21 / section 35.21.816 print citation not found the citation you requested cannot be found. please verify that you have a valid rcw citation and try again or look in the rcw dispositions for rcw sections that have been repealed, expired, dec",community land trust,Low,,Definition of CLT,7fd43c2db00aa8e316717435a2424bfa940fd6c5054e39cb87ff0b5ca1b7b368,,,
WA,code site,https://app.leg.wa.gov/rcw/default.aspx?cite=35.21.817,,Wash. Rev. Code § 35.21.817,35.21,Unknown,2026-05-02,"home / state laws and rules / rcws / title 35 / chapter 35.21 / section 35.21.817 print citation not found the citation you requested cannot be found. please verify that you have a valid rcw citation and try again or look in the rcw dispositions for rcw sections that have been repealed, expired, dec",community land trust,Low,,Definition of CLT,d3d503223ba254ef482b8b9723d3da9450b6f1b604d70b3e026d0658b2f1badc,,,
WA,code site,https://app.leg.wa.gov/rcw/default.aspx?cite=35.21.818,,Wash. Rev. Code § 35.21.818,35.21,Unknown,2026-05-02,"home / state laws and rules / rcws / title 35 / chapter 35.21 / section 35.21.818 print citation not found the citation you requested cannot be found. please verify that you have a valid rcw citation and try again or look in the rcw dispositions for rcw sections that have been repealed, expired, dec",community land trust,Low,,Definition of CLT,4ed2a23231810f2a0a0c8b2a7d6d8e97959d5aaff25d2d7ac433fe641c3562a8,,,
WA,code site,https://app.leg.wa.gov/rcw/default.aspx?cite=35.21.819,,Wash. Rev. Code § 35.21.819,35.21,Unknown,2026-05-02,"home / state laws and rules / rcws / title 35 / chapter 35.21 / section 35.21.819 print citation not found the citation you requested cannot be found. please verify that you have a valid rcw citation and try again or look in the rcw dispositions for rcw sections that have been repealed, expired, dec",community land trust,Low,,Definition of CLT,4ecacdda0ebb8ff31f3229349bdb74ac2ae24e4790d8897562142a0a27271a92,,,
WA,code site,https://app.leg.wa.gov/rcw/default.aspx?cite=35.21.820,RCW 35.21.820:,Wash. Rev. Code § 35.21.820,35.21,Unknown,2026-05-02,"rcw 35.21.820: home / state laws and rules / rcws / title 35 / chapter 35.21 / section 35.21.820 print 35.21.815 << 35.21.820 >> 35.21.830 pdf rcw 35.21.820 acquisition and disposal of vehicles for commuter ride sharing by city employees. the power of any city, town, county, other municipal corporat",community land trust,Low,,Definition of CLT,77b01cd2a755fb01627f268bf229f7f99cef93abdcbd78a4da28c8a3bf95bd73,,,
WA,code site,https://app.leg.wa.gov/rcw/default.aspx?cite=35.21.821,,Wash. Rev. Code § 35.21.821,35.21,Unknown,2026-05-02,"home / state laws and rules / rcws / title 35 / chapter 35.21 / section 35.21.821 print citation not found the citation you requested cannot be found. please verify that you have a valid rcw citation and try again or look in the rcw dispositions for rcw sections that have been repealed, expired, dec",community land trust,Low,,Definition of CLT,b8ff2e73cfe7d191eeafb8d52545a054d42b4c173e5ce4d9f16a7009307a98c7,,,
WA,code site,https://app.leg.wa.gov/rcw/default.aspx?cite=35.21.822,,Wash. Rev. Code § 35.21.822,35.21,Unknown,2026-05-02,"home / state laws and rules / rcws / title 35 / chapter 35.21 / section 35.21.822 print citation not found the citation you requested cannot be found. please verify that you have a valid rcw citation and try again or look in the rcw dispositions for rcw sections that have been repealed, expired, dec",community land trust,Low,,Definition of CLT,20e2873753769940de66030b66e30ca98d17edb8e85f49c20ab7b83ccefe0f58,,,
WA,code site,https://app.leg.wa.gov/rcw/default.aspx?cite=35.21.823,,Wash. Rev. Code § 35.21.823,35.21,Unknown,2026-05-02,"home / state laws and rules / rcws / title 35 / chapter 35.21 / section 35.21.823 print citation not found the citation you requested cannot be found. please verify that you have a valid rcw citation and try again or look in the rcw dispositions for rcw sections that have been repealed, expired, dec",community land trust,Low,,Definition of CLT,74fe20fcb4f6408e5ee8cf23554e2d6ca2c87bed75a4546a0a2816807ca212a2,,,
WA,code site,https://app.leg.wa.gov/rcw/default.aspx?cite=35.21.824,,Wash. Rev. Code § 35.21.824,35.21,Unknown,2026-05-02,"home / state laws and rules / rcws / title 35 / chapter 35.21 / section 35.21.824 print citation not found the citation you requested cannot be found. please verify that you have a valid rcw citation and try again or look in the rcw dispositions for rcw sections that have been repealed, expired, dec",community land trust,Low,,Definition of CLT,29cc812be47afdcddb6b5761728cd192f5c1896d8df48548519181d748ed6182,,,
WA,code site,https://app.leg.wa.gov/rcw/default.aspx?cite=35.21.825,,Wash. Rev. Code § 35.21.825,35.21,Unknown,2026-05-02,"home / state laws and rules / rcws / title 35 / chapter 35.21 / section 35.21.825 print citation not found the citation you requested cannot be found. please verify that you have a valid rcw citation and try again or look in the rcw dispositions for rcw sections that have been repealed, expired, dec",community land trust,Low,,Definition of CLT,89091c13cbc7f05d73bcf2d5d51c286dcffb664adc5096a52a2735b591864be7,,,
WA,code site,https://app.leg.wa.gov/rcw/default.aspx?cite=35.21.826,,Wash. Rev. Code § 35.21.826,35.21,Unknown,2026-05-02,"home / state laws and rules / rcws / title 35 / chapter 35.21 / section 35.21.826 print citation not found the citation you requested cannot be found. please verify that you have a valid rcw citation and try again or look in the rcw dispositions for rcw sections that have been repealed, expired, dec",community land trust,Low,,Definition of CLT,1767905fe399f6e5fe36a2748bd9d6f71a58dcff6cd4ce8415c5cf1d974a3ae5,,,
WA,code site,https://app.leg.wa.gov/rcw/default.aspx?cite=35.21.827,,Wash. Rev. Code § 35.21.827,35.21,Unknown,2026-05-02,"home / state laws and rules / rcws / title 35 / chapter 35.21 / section 35.21.827 print citation not found the citation you requested cannot be found. please verify that you have a valid rcw citation and try again or look in the rcw dispositions for rcw sections that have been repealed, expired, dec",community land trust,Low,,Definition of CLT,5c0d02272cb946af447848da27291086bad0c27c53585cbddee396a70c8d8f88,,,
WA,code site,https://app.leg.wa.gov/rcw/default.aspx?cite=35.21.828,,Wash. Rev. Code § 35.21.828,35.21,Unknown,2026-05-02,"home / state laws and rules / rcws / title 35 / chapter 35.21 / section 35.21.828 print citation not found the citation you requested cannot be found. please verify that you have a valid rcw citation and try again or look in the rcw dispositions for rcw sections that have been repealed, expired, dec",community land trust,Low,,Definition of CLT,62db7e527ec7a7b2b76d5d5810c51dfb411e2f77d9c0ecda363f240e3f408c33,,,
WA,code site,https://app.leg.wa.gov/rcw/default.aspx?cite=35.21.829,,Wash. Rev. Code § 35.21.829,35.21,Unknown,2026-05-02,"home / state laws and rules / rcws / title 35 / chapter 35.21 / section 35.21.829 print citation not found the citation you requested cannot be found. please verify that you have a valid rcw citation and try again or look in the rcw dispositions for rcw sections that have been repealed, expired, dec",community land trust,Low,,Definition of CLT,81639126af34ba2ca8c0b0d3a225a23d9c30dbe1f5434ec86aa276098ab1280d,,,
WA,code site,https://app.leg.wa.gov/rcw/default.aspx?cite=35.21.830,RCW 35.21.830:,Wash. Rev. Code § 35.21.830,35.21,Unknown,2026-05-02,rcw 35.21.830: home / state laws and rules / rcws / title 35 / chapter 35.21 / section 35.21.830 print 35.21.820 << 35.21.830 >> 35.21.840 pdf rcw 35.21.830 controls on rent for residential structures — prohibited — exceptions. the imposition of controls on rent is of statewide significance and is p,community land trust,Low,,Definition of CLT,fe2c19a0f8934d38cf48adef3983c3d3e048d3ab5b710a7c93fdfc90e663dfe8,,,
WA,code site,https://app.leg.wa.gov/rcw/default.aspx?cite=35.21.831,,Wash. Rev. Code § 35.21.831,35.21,Unknown,2026-05-02,"home / state laws and rules / rcws / title 35 / chapter 35.21 / section 35.21.831 print citation not found the citation you requested cannot be found. please verify that you have a valid rcw citation and try again or look in the rcw dispositions for rcw sections that have been repealed, expired, dec",community land trust,Low,,Definition of CLT,344c0a93b3563503b7cc0120b899639ba79b1fe8bbf357177f3e8cca2f02f71b,,,
WA,code site,https://app.leg.wa.gov/rcw/default.aspx?cite=35.21.832,,Wash. Rev. Code § 35.21.832,35.21,Unknown,2026-05-02,"home / state laws and rules / rcws / title 35 / chapter 35.21 / section 35.21.832 print citation not found the citation you requested cannot be found. please verify that you have a valid rcw citation and try again or look in the rcw dispositions for rcw sections that have been repealed, expired, dec",community land trust,Low,,Definition of CLT,d0d2dcab9fcc24713ca78120f985e2db40016e09fd4aa6949f156844ea70dad6,,,
WA,code site,https://app.leg.wa.gov/rcw/default.aspx?cite=35.21.833,,Wash. Rev. Code § 35.21.833,35.21,Unknown,2026-05-02,"home / state laws and rules / rcws / title 35 / chapter 35.21 / section 35.21.833 print citation not found the citation you requested cannot be found. please verify that you have a valid rcw citation and try again or look in the rcw dispositions for rcw sections that have been repealed, expired, dec",community land trust,Low,,Definition of CLT,457012a96db431d5cfda4450c76af4dc6822a81f396d7d60817c8729a0d8b8b9,,,
WA,code site,https://app.leg.wa.gov/rcw/default.aspx?cite=35.21.834,,Wash. Rev. Code § 35.21.834,35.21,Unknown,2026-05-02,"home / state laws and rules / rcws / title 35 / chapter 35.21 / section 35.21.834 print citation not found the citation you requested cannot be found. please verify that you have a valid rcw citation and try again or look in the rcw dispositions for rcw sections that have been repealed, expired, dec",community land trust,Low,,Definition of CLT,39ea1a041249ef3411904fa2c8764af0324b968eda68f93dc952a6198f733d4c,,,
WA,code site,https://app.leg.wa.gov/rcw/default.aspx?cite=35.21.835,,Wash. Rev. Code § 35.21.835,35.21,Unknown,2026-05-02,"home / state laws and rules / rcws / title 35 / chapter 35.21 / section 35.21.835 print citation not found the citation you requested cannot be found. please verify that you have a valid rcw citation and try again or look in the rcw dispositions for rcw sections that have been repealed, expired, dec",community land trust,Low,,Definition of CLT,084cf95060259fb0043cd47620284e76f33da9682561ec50be54cdcf4d8b345b,,,
WA,code site,https://app.leg.wa.gov/rcw/default.aspx?cite=35.21.836,,Wash. Rev. Code § 35.21.836,35.21,Unknown,2026-05-02,"home / state laws and rules / rcws / title 35 / chapter 35.21 / section 35.21.836 print citation not found the citation you requested cannot be found. please verify that you have a valid rcw citation and try again or look in the rcw dispositions for rcw sections that have been repealed, expired, dec",community land trust,Low,,Definition of CLT,7b668e0fef92904cf38eaa11100e12e8a159947647fb36290123457e073750e3,,,
WA,code site,https://app.leg.wa.gov/rcw/default.aspx?cite=35.21.837,,Wash. Rev. Code § 35.21.837,35.21,Unknown,2026-05-02,"home / state laws and rules / rcws / title 35 / chapter 35.21 / section 35.21.837 print citation not found the citation you requested cannot be found. please verify that you have a valid rcw citation and try again or look in the rcw dispositions for rcw sections that have been repealed, expired, dec",community land trust,Low,,Definition of CLT,e5b1017fa324d3bb6568a5507c307839f0331ed763e35336865a202b2af62839,,,
WA,code site,https://app.leg.wa.gov/rcw/default.aspx?cite=35.21.838,,Wash. Rev. Code § 35.21.838,35.21,Unknown,2026-05-02,"home / state laws and rules / rcws / title 35 / chapter 35.21 / section 35.21.838 print citation not found the citation you requested cannot be found. please verify that you have a valid rcw citation and try again or look in the rcw dispositions for rcw sections that have been repealed, expired, dec",community land trust,Low,,Definition of CLT,c7f3017dd8687dd836b151b0430f2aae774ebe88a95dc648650309792a87672a,,,
WA,code site,https://app.leg.wa.gov/rcw/default.aspx?cite=35.21.839,,Wash. Rev. Code § 35.21.839,35.21,Unknown,2026-05-02,"home / state laws and rules / rcws / title 35 / chapter 35.21 / section 35.21.839 print citation not found the citation you requested cannot be found. please verify that you have a valid rcw citation and try again or look in the rcw dispositions for rcw sections that have been repealed, expired, dec",community land trust,Low,,Definition of CLT,aeb0736dca5969424fcf5acdac1a725d3b913d82c7275709fa3cdb015d48ff2b,,,
WA,code site,https://app.leg.wa.gov/rcw/default.aspx?cite=35.21.840,RCW 35.21.840:,Wash. Rev. Code § 35.21.840,35.21,Unknown,2026-05-02,rcw 35.21.840: home / state laws and rules / rcws / title 35 / chapter 35.21 / section 35.21.840 print 35.21.830 << 35.21.840 >> 35.21.845 pdf rcw 35.21.840 taxation of motor carriers of freight for hire — allocation of gross receipts. the following principles shall allocate gross receipts of a moto,community land trust,Low,,Standards for Tax Assessments/Guidance,43e3c702586c818159be0202a9311df79356d6192a3d4b0359babf96567811ea,,,
WA,code site,https://app.leg.wa.gov/rcw/default.aspx?cite=35.21.841,,Wash. Rev. Code § 35.21.841,35.21,Unknown,2026-05-02,"home / state laws and rules / rcws / title 35 / chapter 35.21 / section 35.21.841 print citation not found the citation you requested cannot be found. please verify that you have a valid rcw citation and try again or look in the rcw dispositions for rcw sections that have been repealed, expired, dec",community land trust,Low,,Definition of CLT,1dc043743407a2962c4b6bc4357e8f9ddae21913d93232afae8d57b15376a8b2,,,
WA,code site,https://app.leg.wa.gov/rcw/default.aspx?cite=35.21.842,,Wash. Rev. Code § 35.21.842,35.21,Unknown,2026-05-02,"home / state laws and rules / rcws / title 35 / chapter 35.21 / section 35.21.842 print citation not found the citation you requested cannot be found. please verify that you have a valid rcw citation and try again or look in the rcw dispositions for rcw sections that have been repealed, expired, dec",community land trust,Low,,Definition of CLT,c29cfa83902b45e503efe77a8d6bc2968fcd623c9a5d9fdb8c57be62ad53f4bf,,,
WA,code site,https://app.leg.wa.gov/rcw/default.aspx?cite=35.21.843,,Wash. Rev. Code § 35.21.843,35.21,Unknown,2026-05-02,"home / state laws and rules / rcws / title 35 / chapter 35.21 / section 35.21.843 print citation not found the citation you requested cannot be found. please verify that you have a valid rcw citation and try again or look in the rcw dispositions for rcw sections that have been repealed, expired, dec",community land trust,Low,,Definition of CLT,899d653e01855f05670ff9164f8f82b0106be2f9a9a8cb63f17f576734477634,,,
WA,code site,https://app.leg.wa.gov/rcw/default.aspx?cite=35.21.844,,Wash. Rev. Code § 35.21.844,35.21,Unknown,2026-05-02,"home / state laws and rules / rcws / title 35 / chapter 35.21 / section 35.21.844 print citation not found the citation you requested cannot be found. please verify that you have a valid rcw citation and try again or look in the rcw dispositions for rcw sections that have been repealed, expired, dec",community land trust,Low,,Definition of CLT,248757ef59ff7d7482b89b69ec2046fcbb32e3ca53b2147276a6b3d3c73494e7,,,
WA,code site,https://app.leg.wa.gov/rcw/default.aspx?cite=35.21.845,RCW 35.21.845:,Wash. Rev. Code § 35.21.845,35.21,Unknown,2026-05-02,rcw 35.21.845: home / state laws and rules / rcws / title 35 / chapter 35.21 / section 35.21.845 print 35.21.840 << 35.21.845 >> 35.21.850 pdf rcw 35.21.845 taxation of motor carriers of freight for hire — tax allocation formula. a motor carrier of freight for hire whose gross receipts are subject t,community land trust,Low,,Standards for Tax Assessments/Guidance,5fedd2a9024dbeab446a3350bc2e3b783265eb2d98df35e4f29f294d378d60e1,,,
WA,code site,https://app.leg.wa.gov/rcw/default.aspx?cite=35.21.846,,Wash. Rev. Code § 35.21.846,35.21,Unknown,2026-05-02,"home / state laws and rules / rcws / title 35 / chapter 35.21 / section 35.21.846 print citation not found the citation you requested cannot be found. please verify that you have a valid rcw citation and try again or look in the rcw dispositions for rcw sections that have been repealed, expired, dec",community land trust,Low,,Definition of CLT,c3b71c65f440c5c67f9fd874a1891c31a9d8b55b2b4accd9d34ea689e4d545d8,,,
WA,code site,https://app.leg.wa.gov/rcw/default.aspx?cite=35.21.847,,Wash. Rev. Code § 35.21.847,35.21,Unknown,2026-05-02,"home / state laws and rules / rcws / title 35 / chapter 35.21 / section 35.21.847 print citation not found the citation you requested cannot be found. please verify that you have a valid rcw citation and try again or look in the rcw dispositions for rcw sections that have been repealed, expired, dec",community land trust,Low,,Definition of CLT,d51bf65744bb1e9124d3771b21e7862ba17d6d9dc0fb6b5c4409562770bd70fa,,,
WA,code site,https://app.leg.wa.gov/rcw/default.aspx?cite=35.21.848,,Wash. Rev. Code § 35.21.848,35.21,Unknown,2026-05-02,"home / state laws and rules / rcws / title 35 / chapter 35.21 / section 35.21.848 print citation not found the citation you requested cannot be found. please verify that you have a valid rcw citation and try again or look in the rcw dispositions for rcw sections that have been repealed, expired, dec",community land trust,Low,,Definition of CLT,2e4a576ec4fac230eec8f719f79b36cfb99b20db5c0ba6c035ff5301e8108c6f,,,
WA,code site,https://app.leg.wa.gov/rcw/default.aspx?cite=35.21.849,,Wash. Rev. Code § 35.21.849,35.21,Unknown,2026-05-02,"home / state laws and rules / rcws / title 35 / chapter 35.21 / section 35.21.849 print citation not found the citation you requested cannot be found. please verify that you have a valid rcw citation and try again or look in the rcw dispositions for rcw sections that have been repealed, expired, dec",community land trust,Low,,Definition of CLT,0ca08c8cce0b00a71771f68493831b916472375c084eb3e7a8ac3a7341a1bd75,,,
WA,code site,https://app.leg.wa.gov/rcw/default.aspx?cite=35.21.850,RCW 35.21.850:,Wash. Rev. Code § 35.21.850,35.21,Unknown,2026-05-02,rcw 35.21.850: home / state laws and rules / rcws / title 35 / chapter 35.21 / section 35.21.850 print 35.21.845 << 35.21.850 >> 35.21.851 pdf rcw 35.21.850 taxation of motor carriers of freight for hire — limitation — exceptions. no demand for a fee or tax or penalty shall be made by a city or town,community land trust,Low,,Standards for Tax Assessments/Guidance,2134d7a865cf2ec01a2668117e40ede06a1b4863a85bdbabb5eedde87de745ab,,,
WA,code site,https://app.leg.wa.gov/rcw/default.aspx?cite=36.70A.500,RCW 36.70A.500:,Wash. Rev. Code § 36.70A.500,36.70A,Unknown,2026-05-02,rcw 36.70a.500: home / state laws and rules / rcws / title 36 / chapter 36.70a / section 36.70a.500 print 36.70a.490 << 36.70a.500 >> 36.70a.510 pdf rcw 36.70a.500 growth management planning and environmental review fund — awarding of grant or loan — procedures. (1) the department of commerce shall ,community land trust,Low,,Definition of CLT,fcc81258a5ddecaf69ea729096979df4f6c22a72ae6a57582700ecffd6c510f4,,,
WA,code site,https://app.leg.wa.gov/rcw/default.aspx?cite=36.70A.501,,Wash. Rev. Code § 36.70A.501,36.70A,Unknown,2026-05-02,"home / state laws and rules / rcws / title 36 / chapter 36.70a / section 36.70a.501 print citation not found the citation you requested cannot be found. please verify that you have a valid rcw citation and try again or look in the rcw dispositions for rcw sections that have been repealed, expired, d",community land trust,Low,,Definition of CLT,9c6ac56c37222ccf3b40e3947080ae1dda66c7b0bbcc9e27d80843c80197086b,,,
WA,code site,https://app.leg.wa.gov/rcw/default.aspx?cite=36.70A.502,,Wash. Rev. Code § 36.70A.502,36.70A,Unknown,2026-05-02,"home / state laws and rules / rcws / title 36 / chapter 36.70a / section 36.70a.502 print citation not found the citation you requested cannot be found. please verify that you have a valid rcw citation and try again or look in the rcw dispositions for rcw sections that have been repealed, expired, d",community land trust,Low,,Definition of CLT,12cf478321dc81d28ec2b9c1e1bff60099e002443c84fc8e51a2e3c46d03de9c,,,
WA,code site,https://app.leg.wa.gov/rcw/default.aspx?cite=36.70A.503,,Wash. Rev. Code § 36.70A.503,36.70A,Unknown,2026-05-02,"home / state laws and rules / rcws / title 36 / chapter 36.70a / section 36.70a.503 print citation not found the citation you requested cannot be found. please verify that you have a valid rcw citation and try again or look in the rcw dispositions for rcw sections that have been repealed, expired, d",community land trust,Low,,Definition of CLT,c2ad4f67ef11bc75f08dfe76f528f74dd10152018af1fd685696b2aa0eaaae31,,,
WA,code site,https://app.leg.wa.gov/rcw/default.aspx?cite=36.70A.504,,Wash. Rev. Code § 36.70A.504,36.70A,Unknown,2026-05-02,"home / state laws and rules / rcws / title 36 / chapter 36.70a / section 36.70a.504 print citation not found the citation you requested cannot be found. please verify that you have a valid rcw citation and try again or look in the rcw dispositions for rcw sections that have been repealed, expired, d",community land trust,Low,,Definition of CLT,797bb98b06abf30b1fd81e7036ade58858e3937d3d56da3e5a77b876776b11c6,,,
WA,code site,https://app.leg.wa.gov/rcw/default.aspx?cite=36.70A.505,,Wash. Rev. Code § 36.70A.505,36.70A,Unknown,2026-05-02,"home / state laws and rules / rcws / title 36 / chapter 36.70a / section 36.70a.505 print citation not found the citation you requested cannot be found. please verify that you have a valid rcw citation and try again or look in the rcw dispositions for rcw sections that have been repealed, expired, d",community land trust,Low,,Definition of CLT,8826fec7653b6b13ffca8191965f2692a65ec863727c664e2feac2a48faf4d56,,,
WA,code site,https://app.leg.wa.gov/rcw/default.aspx?cite=36.70A.506,,Wash. Rev. Code § 36.70A.506,36.70A,Unknown,2026-05-02,"home / state laws and rules / rcws / title 36 / chapter 36.70a / section 36.70a.506 print citation not found the citation you requested cannot be found. please verify that you have a valid rcw citation and try again or look in the rcw dispositions for rcw sections that have been repealed, expired, d",community land trust,Low,,Definition of CLT,fa69ee72f214f830fbb3dc7a35d4a58e28dd49a508e9e83a211f4e12d232cedc,,,
WA,code site,https://app.leg.wa.gov/rcw/default.aspx?cite=36.70A.507,,Wash. Rev. Code § 36.70A.507,36.70A,Unknown,2026-05-02,"home / state laws and rules / rcws / title 36 / chapter 36.70a / section 36.70a.507 print citation not found the citation you requested cannot be found. please verify that you have a valid rcw citation and try again or look in the rcw dispositions for rcw sections that have been repealed, expired, d",community land trust,Low,,Definition of CLT,f6b50a3ad002c44100488998b9e4554ad3adcfc73102a3efa578d0a9c98ee05d,,,
WA,code site,https://app.leg.wa.gov/rcw/default.aspx?cite=36.70A.508,,Wash. Rev. Code § 36.70A.508,36.70A,Unknown,2026-05-02,"home / state laws and rules / rcws / title 36 / chapter 36.70a / section 36.70a.508 print citation not found the citation you requested cannot be found. please verify that you have a valid rcw citation and try again or look in the rcw dispositions for rcw sections that have been repealed, expired, d",community land trust,Low,,Definition of CLT,4f061f6e1c378ce9a0e93439a4e6ee4c885dca8422504a4dd5f42cada44130f9,,,
WA,code site,https://app.leg.wa.gov/rcw/default.aspx?cite=36.70A.509,,Wash. Rev. Code § 36.70A.509,36.70A,Unknown,2026-05-02,"home / state laws and rules / rcws / title 36 / chapter 36.70a / section 36.70a.509 print citation not found the citation you requested cannot be found. please verify that you have a valid rcw citation and try again or look in the rcw dispositions for rcw sections that have been repealed, expired, d",community land trust,Low,,Definition of CLT,05b0b2146038627a9fac62dae09cc48bf27dd192959f904ecdd3c4a924c9f9d7,,,
WA,code site,https://app.leg.wa.gov/rcw/default.aspx?cite=36.70A.510,RCW 36.70A.510:,Wash. Rev. Code § 36.70A.510,36.70A,Unknown,2026-05-02,rcw 36.70a.510: home / state laws and rules / rcws / title 36 / chapter 36.70a / section 36.70a.510 print 36.70a.500 << 36.70a.510 >> 36.70a.520 pdf rcw 36.70a.510 general aviation airports. adoption and amendment of comprehensive plan provisions and development regulations under this chapter affect,community land trust,Low,,Definition of CLT,c7a2c0d884739a3966aa8c8ac27252ea72f3924f07ef198dbb355b98f4c3a815,,,
WA,code site,https://app.leg.wa.gov/rcw/default.aspx?cite=36.70A.511,,Wash. Rev. Code § 36.70A.511,36.70A,Unknown,2026-05-02,"home / state laws and rules / rcws / title 36 / chapter 36.70a / section 36.70a.511 print citation not found the citation you requested cannot be found. please verify that you have a valid rcw citation and try again or look in the rcw dispositions for rcw sections that have been repealed, expired, d",community land trust,Low,,Definition of CLT,9e0db79109699f956f202bac0f146d081eb422ef1a64c2135e9c7649da81a451,,,
WA,code site,https://app.leg.wa.gov/rcw/default.aspx?cite=36.70A.512,,Wash. Rev. Code § 36.70A.512,36.70A,Unknown,2026-05-02,"home / state laws and rules / rcws / title 36 / chapter 36.70a / section 36.70a.512 print citation not found the citation you requested cannot be found. please verify that you have a valid rcw citation and try again or look in the rcw dispositions for rcw sections that have been repealed, expired, d",community land trust,Low,,Definition of CLT,59e1549d8b51ae28dc4cd12c80e21b3920d2179fe5bf5fcf7d0341287d1e18b7,,,
WA,code site,https://app.leg.wa.gov/rcw/default.aspx?cite=36.70A.513,,Wash. Rev. Code § 36.70A.513,36.70A,Unknown,2026-05-02,"home / state laws and rules / rcws / title 36 / chapter 36.70a / section 36.70a.513 print citation not found the citation you requested cannot be found. please verify that you have a valid rcw citation and try again or look in the rcw dispositions for rcw sections that have been repealed, expired, d",community land trust,Low,,Definition of CLT,af3d3039ff86ee660c46af6a7075646c901d2bb59a8203979555216483210878,,,
WA,code site,https://app.leg.wa.gov/rcw/default.aspx?cite=36.70A.514,,Wash. Rev. Code § 36.70A.514,36.70A,Unknown,2026-05-02,"home / state laws and rules / rcws / title 36 / chapter 36.70a / section 36.70a.514 print citation not found the citation you requested cannot be found. please verify that you have a valid rcw citation and try again or look in the rcw dispositions for rcw sections that have been repealed, expired, d",community land trust,Low,,Definition of CLT,67af67b6f843f6a54ebd65e632a2ee9ec8f68f4aa857385d90b46e8b5b00f9a8,,,
WA,code site,https://app.leg.wa.gov/rcw/default.aspx?cite=36.70A.515,,Wash. Rev. Code § 36.70A.515,36.70A,Unknown,2026-05-02,"home / state laws and rules / rcws / title 36 / chapter 36.70a / section 36.70a.515 print citation not found the citation you requested cannot be found. please verify that you have a valid rcw citation and try again or look in the rcw dispositions for rcw sections that have been repealed, expired, d",community land trust,Low,,Definition of CLT,f1ab61b039823d72093f32831bc7128895565fafde7fa258194346cfee5fe2bc,,,
WA,code site,https://app.leg.wa.gov/rcw/default.aspx?cite=36.70A.516,,Wash. Rev. Code § 36.70A.516,36.70A,Unknown,2026-05-02,"home / state laws and rules / rcws / title 36 / chapter 36.70a / section 36.70a.516 print citation not found the citation you requested cannot be found. please verify that you have a valid rcw citation and try again or look in the rcw dispositions for rcw sections that have been repealed, expired, d",community land trust,Low,,Definition of CLT,be3cc5d14b2418aeee0f34a85e8b713869a342a86ce2d099ed1ac03ec4ffd06e,,,
WA,code site,https://app.leg.wa.gov/rcw/default.aspx?cite=36.70A.517,,Wash. Rev. Code § 36.70A.517,36.70A,Unknown,2026-05-02,"home / state laws and rules / rcws / title 36 / chapter 36.70a / section 36.70a.517 print citation not found the citation you requested cannot be found. please verify that you have a valid rcw citation and try again or look in the rcw dispositions for rcw sections that have been repealed, expired, d",community land trust,Low,,Definition of CLT,f504773e4612bc8951bfbded3ce052c6dddf3195412c67ef896c650b98f122cf,,,
WA,code site,https://app.leg.wa.gov/rcw/default.aspx?cite=36.70A.518,,Wash. Rev. Code § 36.70A.518,36.70A,Unknown,2026-05-02,"home / state laws and rules / rcws / title 36 / chapter 36.70a / section 36.70a.518 print citation not found the citation you requested cannot be found. please verify that you have a valid rcw citation and try again or look in the rcw dispositions for rcw sections that have been repealed, expired, d",community land trust,Low,,Definition of CLT,0c52561b7879949db75d14134cb371b61f26185b08e200024723de54e1b2fa30,,,
WA,code site,https://app.leg.wa.gov/rcw/default.aspx?cite=36.70A.519,,Wash. Rev. Code § 36.70A.519,36.70A,Unknown,2026-05-02,"home / state laws and rules / rcws / title 36 / chapter 36.70a / section 36.70a.519 print citation not found the citation you requested cannot be found. please verify that you have a valid rcw citation and try again or look in the rcw dispositions for rcw sections that have been repealed, expired, d",community land trust,Low,,Definition of CLT,1bbedebdfaa6de9770aaf83dd0b9ff79bac0186888795f8854e1eded6de24320,,,
WA,code site,https://app.leg.wa.gov/rcw/default.aspx?cite=36.70A.520,RCW 36.70A.520:,Wash. Rev. Code § 36.70A.520,36.70A,Amended,2026-05-02,rcw 36.70a.520: home / state laws and rules / rcws / title 36 / chapter 36.70a / section 36.70a.520 print 36.70a.510 << 36.70a.520 >> 36.70a.530 pdf rcw 36.70a.520 national historic towns — designation. counties that are required or choose to plan under rcw 36.70a.040 may authorize and designate nat,community land trust,Low,,Definition of CLT,bda94f91aba026f40a55854f0a2c2a30fdc6b7c3e4f640a73321335fb9f0713c,,,
WA,code site,https://app.leg.wa.gov/rcw/default.aspx?cite=36.70A.521,,Wash. Rev. Code § 36.70A.521,36.70A,Unknown,2026-05-02,"home / state laws and rules / rcws / title 36 / chapter 36.70a / section 36.70a.521 print citation not found the citation you requested cannot be found. please verify that you have a valid rcw citation and try again or look in the rcw dispositions for rcw sections that have been repealed, expired, d",community land trust,Low,,Definition of CLT,bd03212aa2a4bdea3e08f34fdd4e7fb501cff069a4aac19784d7a277f4c5b70e,,,
WA,code site,https://app.leg.wa.gov/rcw/default.aspx?cite=36.70A.522,,Wash. Rev. Code § 36.70A.522,36.70A,Unknown,2026-05-02,"home / state laws and rules / rcws / title 36 / chapter 36.70a / section 36.70a.522 print citation not found the citation you requested cannot be found. please verify that you have a valid rcw citation and try again or look in the rcw dispositions for rcw sections that have been repealed, expired, d",community land trust,Low,,Definition of CLT,4b1021ed607aa476e95fcb7b7a23763bbe7f0fe00313c8f3d20de5583efa99eb,,,
WA,code site,https://app.leg.wa.gov/rcw/default.aspx?cite=36.70A.523,,Wash. Rev. Code § 36.70A.523,36.70A,Unknown,2026-05-02,"home / state laws and rules / rcws / title 36 / chapter 36.70a / section 36.70a.523 print citation not found the citation you requested cannot be found. please verify that you have a valid rcw citation and try again or look in the rcw dispositions for rcw sections that have been repealed, expired, d",community land trust,Low,,Definition of CLT,ba944cff58f438302f7f5dc9b66064338c2da13e96d9934655f5276969e04044,,,
WA,code site,https://app.leg.wa.gov/rcw/default.aspx?cite=36.70A.524,,Wash. Rev. Code § 36.70A.524,36.70A,Unknown,2026-05-02,"home / state laws and rules / rcws / title 36 / chapter 36.70a / section 36.70a.524 print citation not found the citation you requested cannot be found. please verify that you have a valid rcw citation and try again or look in the rcw dispositions for rcw sections that have been repealed, expired, d",community land trust,Low,,Definition of CLT,8e6cbdde57c90ba47b3cba6be3198ba629cd16d1100dc56b45199d3e1a2fd29a,,,
WA,code site,https://app.leg.wa.gov/rcw/default.aspx?cite=36.70A.525,,Wash. Rev. Code § 36.70A.525,36.70A,Unknown,2026-05-02,"home / state laws and rules / rcws / title 36 / chapter 36.70a / section 36.70a.525 print citation not found the citation you requested cannot be found. please verify that you have a valid rcw citation and try again or look in the rcw dispositions for rcw sections that have been repealed, expired, d",community land trust,Low,,Definition of CLT,9abf7581d21daaa20fd8eaec595ae72e25e95a47e3bb2a9bc7d38859883a38fa,,,
WA,code site,https://app.leg.wa.gov/rcw/default.aspx?cite=36.70A.526,,Wash. Rev. Code § 36.70A.526,36.70A,Unknown,2026-05-02,"home / state laws and rules / rcws / title 36 / chapter 36.70a / section 36.70a.526 print citation not found the citation you requested cannot be found. please verify that you have a valid rcw citation and try again or look in the rcw dispositions for rcw sections that have been repealed, expired, d",community land trust,Low,,Definition of CLT,03b533578dc4f19109574e24feaaa993fcf7df326d49af07172b5f9a7bb6c320,,,
WA,code site,https://app.leg.wa.gov/rcw/default.aspx?cite=36.70A.527,,Wash. Rev. Code § 36.70A.527,36.70A,Unknown,2026-05-02,"home / state laws and rules / rcws / title 36 / chapter 36.70a / section 36.70a.527 print citation not found the citation you requested cannot be found. please verify that you have a valid rcw citation and try again or look in the rcw dispositions for rcw sections that have been repealed, expired, d",community land trust,Low,,Definition of CLT,b1024b2db07bccd7abc41920888c7f8ff4135ddf4e0eb0d023f52783d1349c5d,,,
WA,code site,https://app.leg.wa.gov/rcw/default.aspx?cite=36.70A.528,,Wash. Rev. Code § 36.70A.528,36.70A,Unknown,2026-05-02,"home / state laws and rules / rcws / title 36 / chapter 36.70a / section 36.70a.528 print citation not found the citation you requested cannot be found. please verify that you have a valid rcw citation and try again or look in the rcw dispositions for rcw sections that have been repealed, expired, d",community land trust,Low,,Definition of CLT,18f43d5c8dd251c93499e2839aaa7869baeab97394acbe7385b2183ed8554967,,,
WA,code site,https://app.leg.wa.gov/rcw/default.aspx?cite=36.70A.529,,Wash. Rev. Code § 36.70A.529,36.70A,Unknown,2026-05-02,"home / state laws and rules / rcws / title 36 / chapter 36.70a / section 36.70a.529 print citation not found the citation you requested cannot be found. please verify that you have a valid rcw citation and try again or look in the rcw dispositions for rcw sections that have been repealed, expired, d",community land trust,Low,,Definition of CLT,cd8e614917b02bbcf5ca4c88cca826b2800b3ab29cc10025f55c68f560b8afa1,,,
WA,code site,https://app.leg.wa.gov/rcw/default.aspx?cite=36.70A.530,RCW 36.70A.530:,Wash. Rev. Code § 36.70A.530,36.70A,Amended,2026-05-02,rcw 36.70a.530: home / state laws and rules / rcws / title 36 / chapter 36.70a / section 36.70a.530 print 36.70a.520 << 36.70a.530 >> 36.70a.535 pdf rcw 36.70a.530 land use development incompatible with military installation not allowed — revision of comprehensive plans and development regulations. ,community land trust,Low,,Definition of CLT,c4170dd9629b1932c105c6207276a462bbadd058bae1f330323db60d6e10dfab,,,
WA,code site,https://app.leg.wa.gov/rcw/default.aspx?cite=36.70A.531,,Wash. Rev. Code § 36.70A.531,36.70A,Unknown,2026-05-02,"home / state laws and rules / rcws / title 36 / chapter 36.70a / section 36.70a.531 print citation not found the citation you requested cannot be found. please verify that you have a valid rcw citation and try again or look in the rcw dispositions for rcw sections that have been repealed, expired, d",community land trust,Low,,Definition of CLT,b9ec0af9765693b3eae3b5dd2c91171039c10b75a32f20c6f219a88e6616e77a,,,
WA,code site,https://app.leg.wa.gov/rcw/default.aspx?cite=36.70A.532,,Wash. Rev. Code § 36.70A.532,36.70A,Unknown,2026-05-02,"home / state laws and rules / rcws / title 36 / chapter 36.70a / section 36.70a.532 print citation not found the citation you requested cannot be found. please verify that you have a valid rcw citation and try again or look in the rcw dispositions for rcw sections that have been repealed, expired, d",community land trust,Low,,Definition of CLT,4f5b9bc968abda43bc00a04d52a3b1cc26efbc395c1a3ce2f2acdace97044a18,,,
WA,code site,https://app.leg.wa.gov/rcw/default.aspx?cite=36.70A.533,,Wash. Rev. Code § 36.70A.533,36.70A,Unknown,2026-05-02,"home / state laws and rules / rcws / title 36 / chapter 36.70a / section 36.70a.533 print citation not found the citation you requested cannot be found. please verify that you have a valid rcw citation and try again or look in the rcw dispositions for rcw sections that have been repealed, expired, d",community land trust,Low,,Definition of CLT,d046fe1823976e0414659b8475f9795a41f7a389b5ffcd74f39ec2cb8a3709e7,,,
WA,code site,https://app.leg.wa.gov/rcw/default.aspx?cite=36.70A.534,,Wash. Rev. Code § 36.70A.534,36.70A,Unknown,2026-05-02,"home / state laws and rules / rcws / title 36 / chapter 36.70a / section 36.70a.534 print citation not found the citation you requested cannot be found. please verify that you have a valid rcw citation and try again or look in the rcw dispositions for rcw sections that have been repealed, expired, d",community land trust,Low,,Definition of CLT,ee258663aa37e9628eae8aa091c9c6986313304f0844e3565ef001b85759ba08,,,
WA,code site,https://app.leg.wa.gov/rcw/default.aspx?cite=36.70A.535,RCW 36.70A.535:,Wash. Rev. Code § 36.70A.535,36.70A,Amended,2026-05-02,rcw 36.70a.535: home / state laws and rules / rcws / title 36 / chapter 36.70a / section 36.70a.535 print 36.70a.530 << 36.70a.535 >> 36.70a.536 pdf rcw 36.70a.535 co-living housing. (1) cities and counties planning under this chapter must allow co-living housing as a permitted use on any lot locate,community land trust,Low,,Definition of CLT,34dc8d5e43221f6b286b6d7c6eeb924095bb14b87a00283a74cca6b76a37dcd2,,"concept_combo:affordable housing, workforce housing",affordable housing; workforce housing
WA,code site,https://app.leg.wa.gov/rcw/default.aspx?cite=36.70A.536,RCW 36.70A.536:,Wash. Rev. Code § 36.70A.536,36.70A,Unknown,2026-05-02,rcw 36.70a.536: home / state laws and rules / rcws / title 36 / chapter 36.70a / section 36.70a.536 print 36.70a.535 << 36.70a.536 >> 36.70a.540 pdf rcw 36.70a.536 middle housing. *** change in 2026 *** (see 2269-s.sl ) *** any county that is required or chooses to plan under rcw 36.70a.040 may prov,community land trust,Low,,Definition of CLT,f0e42b83e6b7253c3aade36c7967576e9de14dffb811c8b94f69c58725c52591,,,
WA,code site,https://app.leg.wa.gov/rcw/default.aspx?cite=36.70A.537,,Wash. Rev. Code § 36.70A.537,36.70A,Unknown,2026-05-02,"home / state laws and rules / rcws / title 36 / chapter 36.70a / section 36.70a.537 print citation not found the citation you requested cannot be found. please verify that you have a valid rcw citation and try again or look in the rcw dispositions for rcw sections that have been repealed, expired, d",community land trust,Low,,Definition of CLT,6fdb43f2478b1c11d0386173419db7edffd4442dec525586093a956cd6ad87fc,,,
WA,code site,https://app.leg.wa.gov/rcw/default.aspx?cite=36.70A.538,,Wash. Rev. Code § 36.70A.538,36.70A,Unknown,2026-05-02,"home / state laws and rules / rcws / title 36 / chapter 36.70a / section 36.70a.538 print citation not found the citation you requested cannot be found. please verify that you have a valid rcw citation and try again or look in the rcw dispositions for rcw sections that have been repealed, expired, d",community land trust,Low,,Definition of CLT,3a6b20e17f76559e5d156d6816a4d3cbae3cb86b792a779896e1ae3752c2c60a,,,
WA,code site,https://app.leg.wa.gov/rcw/default.aspx?cite=36.70A.539,,Wash. Rev. Code § 36.70A.539,36.70A,Unknown,2026-05-02,"home / state laws and rules / rcws / title 36 / chapter 36.70a / section 36.70a.539 print citation not found the citation you requested cannot be found. please verify that you have a valid rcw citation and try again or look in the rcw dispositions for rcw sections that have been repealed, expired, d",community land trust,Low,,Definition of CLT,4775da7842c5680d7d3b89e1337ba2bf5967bf25d6d3d6f3f3565d986d9b673e,,,
WA,code site,https://app.leg.wa.gov/rcw/default.aspx?cite=36.70A.540,RCW 36.70A.540:,Wash. Rev. Code § 36.70A.540,36.70A,Unknown,2026-05-02,rcw 36.70a.540: home / state laws and rules / rcws / title 36 / chapter 36.70a / section 36.70a.540 print 36.70a.536 << 36.70a.540 >> 36.70a.545 pdf rcw 36.70a.540 affordable housing incentive programs — low-income housing units — tiny house communities. (1)(a) any city or county planning under rcw ,community land trust,Low,,Affordability Covenants,9e4e7b79211cebcb9f67d26286f21b7b1cc195096269ffd8d568eb6168a9b3c3,,,affordable housing
WA,code site,https://app.leg.wa.gov/rcw/default.aspx?cite=36.70A.541,,Wash. Rev. Code § 36.70A.541,36.70A,Unknown,2026-05-02,"home / state laws and rules / rcws / title 36 / chapter 36.70a / section 36.70a.541 print citation not found the citation you requested cannot be found. please verify that you have a valid rcw citation and try again or look in the rcw dispositions for rcw sections that have been repealed, expired, d",community land trust,Low,,Definition of CLT,e5a731ad18b550f63e2ed839e6a8b2da412738f4f59fb7594b5e2b157f2a9254,,,
WA,code site,https://app.leg.wa.gov/rcw/default.aspx?cite=36.70A.542,,Wash. Rev. Code § 36.70A.542,36.70A,Unknown,2026-05-02,"home / state laws and rules / rcws / title 36 / chapter 36.70a / section 36.70a.542 print citation not found the citation you requested cannot be found. please verify that you have a valid rcw citation and try again or look in the rcw dispositions for rcw sections that have been repealed, expired, d",community land trust,Low,,Definition of CLT,2d824ad2d77214cd487ea44952deb1f8b64ad296d2ee31a90ba2d9ba499840a1,,,
WA,code site,https://app.leg.wa.gov/rcw/default.aspx?cite=36.70A.543,,Wash. Rev. Code § 36.70A.543,36.70A,Unknown,2026-05-02,"home / state laws and rules / rcws / title 36 / chapter 36.70a / section 36.70a.543 print citation not found the citation you requested cannot be found. please verify that you have a valid rcw citation and try again or look in the rcw dispositions for rcw sections that have been repealed, expired, d",community land trust,Low,,Definition of CLT,883b3857c893e317556cf14e010c83fd3d4eacab7ab8d5283cec352f8707ab64,,,
WA,code site,https://app.leg.wa.gov/rcw/default.aspx?cite=36.70A.544,,Wash. Rev. Code § 36.70A.544,36.70A,Unknown,2026-05-02,"home / state laws and rules / rcws / title 36 / chapter 36.70a / section 36.70a.544 print citation not found the citation you requested cannot be found. please verify that you have a valid rcw citation and try again or look in the rcw dispositions for rcw sections that have been repealed, expired, d",community land trust,Low,,Definition of CLT,e77b3c73e3a835ac7f8865a64c2328ac8d690651a82a901dfda2eb517094d506,,,
WA,code site,https://app.leg.wa.gov/rcw/default.aspx?cite=36.70A.545,RCW 36.70A.545:,Wash. Rev. Code § 36.70A.545,36.70A,Unknown,2026-05-02,rcw 36.70a.545: home / state laws and rules / rcws / title 36 / chapter 36.70a / section 36.70a.545 print 36.70a.540 << 36.70a.545 >> 36.70a.550 pdf rcw 36.70a.545 increased density bonus for affordable housing located on property owned by a religious organization. *** change in 2026 *** (see 1859-s,community land trust,Low,,Affordability Covenants,564d4de9cb70c5df64783862f9ef780cd03b08370dee3346fbb532c2481ceb21,,"concept_combo:affordable housing development, affordable housing",affordable housing development; affordable housing
WA,code site,https://app.leg.wa.gov/rcw/default.aspx?cite=36.70A.546,,Wash. Rev. Code § 36.70A.546,36.70A,Unknown,2026-05-02,"home / state laws and rules / rcws / title 36 / chapter 36.70a / section 36.70a.546 print citation not found the citation you requested cannot be found. please verify that you have a valid rcw citation and try again or look in the rcw dispositions for rcw sections that have been repealed, expired, d",community land trust,Low,,Definition of CLT,35ea295979257e2d3419504336e0c278e66773c456b3c70b0a49e43af6a0b4d5,,,
WA,code site,https://app.leg.wa.gov/rcw/default.aspx?cite=36.70A.547,,Wash. Rev. Code § 36.70A.547,36.70A,Unknown,2026-05-02,"home / state laws and rules / rcws / title 36 / chapter 36.70a / section 36.70a.547 print citation not found the citation you requested cannot be found. please verify that you have a valid rcw citation and try again or look in the rcw dispositions for rcw sections that have been repealed, expired, d",community land trust,Low,,Definition of CLT,dd44fdc4069203d330d6caab929690a46c28f21331f2850093f02471485d1150,,,
WA,code site,https://app.leg.wa.gov/rcw/default.aspx?cite=36.70A.548,,Wash. Rev. Code § 36.70A.548,36.70A,Unknown,2026-05-02,"home / state laws and rules / rcws / title 36 / chapter 36.70a / section 36.70a.548 print citation not found the citation you requested cannot be found. please verify that you have a valid rcw citation and try again or look in the rcw dispositions for rcw sections that have been repealed, expired, d",community land trust,Low,,Definition of CLT,d7f1595cdb9ee42eed95fa570fa6de9097a2ac47ebd2fa6741d73a9af2f210e1,,,
WA,code site,https://app.leg.wa.gov/rcw/default.aspx?cite=36.70A.549,,Wash. Rev. Code § 36.70A.549,36.70A,Unknown,2026-05-02,"home / state laws and rules / rcws / title 36 / chapter 36.70a / section 36.70a.549 print citation not found the citation you requested cannot be found. please verify that you have a valid rcw citation and try again or look in the rcw dispositions for rcw sections that have been repealed, expired, d",community land trust,Low,,Definition of CLT,6e0e9274241dd11e936862379da8ace5e52e27fde9131125092fd7346aa73e5c,,,
WA,code site,https://app.leg.wa.gov/rcw/default.aspx?cite=36.70A.550,RCW 36.70A.550:,Wash. Rev. Code § 36.70A.550,36.70A,Unknown,2026-05-02,"rcw 36.70a.550: home / state laws and rules / rcws / title 36 / chapter 36.70a / section 36.70a.550 print 36.70a.545 << 36.70a.550 >> 36.70a.570 pdf rcw 36.70a.550 aquifer conservation zones. (1) any city coterminous with, and comprised only of, an island that relies solely on groundwater aquifers f",community land trust,Low,,Definition of CLT,55a46dca22674aa445a6f126ef8905374082cd74920794c1f634a0dcb6f961f7,,,
WA,code site,https://app.leg.wa.gov/rcw/default.aspx?cite=36.70A.551,,Wash. Rev. Code § 36.70A.551,36.70A,Unknown,2026-05-02,"home / state laws and rules / rcws / title 36 / chapter 36.70a / section 36.70a.551 print citation not found the citation you requested cannot be found. please verify that you have a valid rcw citation and try again or look in the rcw dispositions for rcw sections that have been repealed, expired, d",community land trust,Low,,Definition of CLT,b88b73feef18d9280fb060af085deb7115881f378b82d25482d747635c518524,,,
WA,code site,https://app.leg.wa.gov/rcw/default.aspx?cite=36.70A.552,,Wash. Rev. Code § 36.70A.552,36.70A,Unknown,2026-05-02,"home / state laws and rules / rcws / title 36 / chapter 36.70a / section 36.70a.552 print citation not found the citation you requested cannot be found. please verify that you have a valid rcw citation and try again or look in the rcw dispositions for rcw sections that have been repealed, expired, d",community land trust,Low,,Definition of CLT,fb4f902caac4b324bd046874bc9751715af7c3258ab04fa141c3bf639f9f4465,,,
WA,code site,https://app.leg.wa.gov/rcw/default.aspx?cite=36.70A.553,,Wash. Rev. Code § 36.70A.553,36.70A,Unknown,2026-05-02,"home / state laws and rules / rcws / title 36 / chapter 36.70a / section 36.70a.553 print citation not found the citation you requested cannot be found. please verify that you have a valid rcw citation and try again or look in the rcw dispositions for rcw sections that have been repealed, expired, d",community land trust,Low,,Definition of CLT,50729fe6d37c91fcd50ede4dab1d75414cb65acabfd0b6faddc75d275550d38c,,,
WA,code site,https://app.leg.wa.gov/rcw/default.aspx?cite=36.70A.554,,Wash. Rev. Code § 36.70A.554,36.70A,Unknown,2026-05-02,"home / state laws and rules / rcws / title 36 / chapter 36.70a / section 36.70a.554 print citation not found the citation you requested cannot be found. please verify that you have a valid rcw citation and try again or look in the rcw dispositions for rcw sections that have been repealed, expired, d",community land trust,Low,,Definition of CLT,db58e9af71fb84da977e1163f015bf9e222865bf9894d4e221c8e8230e1e4dcf,,,
WA,code site,https://app.leg.wa.gov/rcw/default.aspx?cite=36.70A.555,,Wash. Rev. Code § 36.70A.555,36.70A,Unknown,2026-05-02,"home / state laws and rules / rcws / title 36 / chapter 36.70a / section 36.70a.555 print citation not found the citation you requested cannot be found. please verify that you have a valid rcw citation and try again or look in the rcw dispositions for rcw sections that have been repealed, expired, d",community land trust,Low,,Definition of CLT,51b772e80f5aa260e83af828d7c6c25c43f520a4f01004389250aec0e80f6da3,,,
WA,code site,https://app.leg.wa.gov/rcw/default.aspx?cite=36.70A.556,,Wash. Rev. Code § 36.70A.556,36.70A,Unknown,2026-05-02,"home / state laws and rules / rcws / title 36 / chapter 36.70a / section 36.70a.556 print citation not found the citation you requested cannot be found. please verify that you have a valid rcw citation and try again or look in the rcw dispositions for rcw sections that have been repealed, expired, d",community land trust,Low,,Definition of CLT,70b8966f3f93723b3816a92519462cc501a101a869026d47cb1f24d7c4fc44e0,,,
WA,code site,https://app.leg.wa.gov/rcw/default.aspx?cite=36.70A.557,,Wash. Rev. Code § 36.70A.557,36.70A,Unknown,2026-05-02,"home / state laws and rules / rcws / title 36 / chapter 36.70a / section 36.70a.557 print citation not found the citation you requested cannot be found. please verify that you have a valid rcw citation and try again or look in the rcw dispositions for rcw sections that have been repealed, expired, d",community land trust,Low,,Definition of CLT,91a77cfdeeafb2902c42ce4a4baabf381214a69fb424f979284537c8f1807cb4,,,
WA,code site,https://app.leg.wa.gov/rcw/default.aspx?cite=36.70A.558,,Wash. Rev. Code § 36.70A.558,36.70A,Unknown,2026-05-02,"home / state laws and rules / rcws / title 36 / chapter 36.70a / section 36.70a.558 print citation not found the citation you requested cannot be found. please verify that you have a valid rcw citation and try again or look in the rcw dispositions for rcw sections that have been repealed, expired, d",community land trust,Low,,Definition of CLT,f79530890b2a2d84a4f2ca588965173692ae24821cff0799be5df9daaf240ca2,,,
WA,code site,https://app.leg.wa.gov/rcw/default.aspx?cite=36.70A.559,,Wash. Rev. Code § 36.70A.559,36.70A,Unknown,2026-05-02,"home / state laws and rules / rcws / title 36 / chapter 36.70a / section 36.70a.559 print citation not found the citation you requested cannot be found. please verify that you have a valid rcw citation and try again or look in the rcw dispositions for rcw sections that have been repealed, expired, d",community land trust,Low,,Definition of CLT,56da6f6c8f0eb2cf19b8046834579a10d9b1dee4d954fd42a42e1e2810612c4f,,,
WA,code site,https://app.leg.wa.gov/rcw/default.aspx?cite=36.70A.560,Chapter 36.70A.560 RCW dispositions: GROWTH MANAGEMENT — PLANNING BY SELECTED COUNTIES AND CITIES,Wash. Rev. Code § 36.70A.560,36.70A,Amended,2026-05-02,chapter 36.70a.560 rcw dispositions: growth management — planning by selected counties and cities home / state laws and rules / rcws / dispositions / title 36 / chapter 36.70a print chapter 36.70a.560 rcw dispositions growth management — planning by selected counties and cities sections 36.70a.065 d,community land trust,Low,,Definition of CLT,5ee30f7d3012096838d8aca080e30a1021dcb905f316f2a8699767653336b07a,,,
