state,source_type,source_url,title,identifier,chapter,status,last_seen_date,summary_snippet,keywords_matched,confidence,notes,airtable_category,content_hash,session,match_reason,match_terms
WA,code site,https://app.leg.wa.gov/rcw/default.aspx?cite=43.185A.001,,Wash. Rev. Code § 43.185A.001,43.185A,Unknown,2026-04-01,"print rcws > title 43 > chapter 43.185a > section 43.185a.001 the citation you requested cannot be found. please verify that you have a valid rcw citation and try again or look in the rcw dispositions for rcw sections that have been repealed, expired, decodified, or recodified.",community land trust,Low,,Definition of CLT,d633844af126b24b5ab64d9cecdb054006ec1b10646d5c4d9e0ed1847de599a7,,,
WA,code site,https://app.leg.wa.gov/rcw/default.aspx?cite=43.185A.002,,Wash. Rev. Code § 43.185A.002,43.185A,Unknown,2026-04-01,"print rcws > title 43 > chapter 43.185a > section 43.185a.002 the citation you requested cannot be found. please verify that you have a valid rcw citation and try again or look in the rcw dispositions for rcw sections that have been repealed, expired, decodified, or recodified.",community land trust,Low,,Definition of CLT,0554cc57ebb1fc3ea5b4666bf5076cb00aa4f37fc87bcd215c939407a1eca1e9,,,
WA,code site,https://app.leg.wa.gov/rcw/default.aspx?cite=43.185A.003,,Wash. Rev. Code § 43.185A.003,43.185A,Unknown,2026-04-01,"print rcws > title 43 > chapter 43.185a > section 43.185a.003 the citation you requested cannot be found. please verify that you have a valid rcw citation and try again or look in the rcw dispositions for rcw sections that have been repealed, expired, decodified, or recodified.",community land trust,Low,,Definition of CLT,3dca1388faad742710704b75a974fa157e6be8b284736c1792f11aa552bdd4d4,,,
WA,code site,https://app.leg.wa.gov/rcw/default.aspx?cite=43.185A.004,,Wash. Rev. Code § 43.185A.004,43.185A,Unknown,2026-04-01,"print rcws > title 43 > chapter 43.185a > section 43.185a.004 the citation you requested cannot be found. please verify that you have a valid rcw citation and try again or look in the rcw dispositions for rcw sections that have been repealed, expired, decodified, or recodified.",community land trust,Low,,Definition of CLT,600a8d4dafa79e04174d36aa2a4817634843e0993bdddd137dac42cc360d1f43,,,
WA,code site,https://app.leg.wa.gov/rcw/default.aspx?cite=43.185A.005,RCW 43.185A.005: Findings.,Wash. Rev. Code § 43.185A.005,43.185A,Unknown,2026-04-01,"rcw 43.185a.005: findings. print rcws > title 43 > chapter 43.185a > section 43.185a.005 beginning of chapter << 43.185a.005 >> 43.185a.010 pdf rcw 43.185a.005 findings. the legislature finds that current economic conditions, federal housing policies and declining resources at the federal, state, an",community land trust,Low,,Definition of CLT,a65432d89ef846a607be80c56fae0e2c1197c990cd6a3fcf3af207656c882b04,,state_fallback_wa:affordable housing,affordable housing
WA,code site,https://app.leg.wa.gov/rcw/default.aspx?cite=43.185A.006,,Wash. Rev. Code § 43.185A.006,43.185A,Unknown,2026-04-01,"print rcws > title 43 > chapter 43.185a > section 43.185a.006 the citation you requested cannot be found. please verify that you have a valid rcw citation and try again or look in the rcw dispositions for rcw sections that have been repealed, expired, decodified, or recodified.",community land trust,Low,,Definition of CLT,528e4fd42cd0e871b5ad33d9797fbfda99196a99e2dd09548d73811642ab5caf,,,
WA,code site,https://app.leg.wa.gov/rcw/default.aspx?cite=43.185A.007,,Wash. Rev. Code § 43.185A.007,43.185A,Unknown,2026-04-01,"print rcws > title 43 > chapter 43.185a > section 43.185a.007 the citation you requested cannot be found. please verify that you have a valid rcw citation and try again or look in the rcw dispositions for rcw sections that have been repealed, expired, decodified, or recodified.",community land trust,Low,,Definition of CLT,eebd26078993f986dae8052967d9887610dc1b3412838dc3c220839ba36ecd2d,,,
WA,code site,https://app.leg.wa.gov/rcw/default.aspx?cite=43.185A.008,,Wash. Rev. Code § 43.185A.008,43.185A,Unknown,2026-04-01,"print rcws > title 43 > chapter 43.185a > section 43.185a.008 the citation you requested cannot be found. please verify that you have a valid rcw citation and try again or look in the rcw dispositions for rcw sections that have been repealed, expired, decodified, or recodified.",community land trust,Low,,Definition of CLT,2ff368454355d81d9eb662355f4a5ccbc9915516c7b52574e0e3239a683ced4e,,,
WA,code site,https://app.leg.wa.gov/rcw/default.aspx?cite=43.185A.009,,Wash. Rev. Code § 43.185A.009,43.185A,Unknown,2026-04-01,"print rcws > title 43 > chapter 43.185a > section 43.185a.009 the citation you requested cannot be found. please verify that you have a valid rcw citation and try again or look in the rcw dispositions for rcw sections that have been repealed, expired, decodified, or recodified.",community land trust,Low,,Definition of CLT,17bfde973f496c869f1d3a3ce5fadc57c04fd52a9a9bf97db6830502bb164d0c,,,
WA,code site,https://app.leg.wa.gov/rcw/default.aspx?cite=43.185A.010,RCW 43.185A.010: Definitions.,Wash. Rev. Code § 43.185A.010,43.185A,Unknown,2026-04-01,"rcw 43.185a.010: definitions. print rcws > title 43 > chapter 43.185a > section 43.185a.010 43.185a.005 << 43.185a.010 >> 43.185a.020 pdf rcw 43.185a.010 definitions. unless the context clearly requires otherwise, the definitions in this section apply throughout this chapter. (1) ""affordable housing",community land trust,Low,,Affordability Covenants,33ce2b10774a17a21139b992b64e0ccd6b0b866e200bd6f53b1cb967f59a88e7,,state_fallback_wa:affordable housing,affordable housing
WA,code site,https://app.leg.wa.gov/rcw/default.aspx?cite=43.185A.011,,Wash. Rev. Code § 43.185A.011,43.185A,Unknown,2026-04-01,"print rcws > title 43 > chapter 43.185a > section 43.185a.011 the citation you requested cannot be found. please verify that you have a valid rcw citation and try again or look in the rcw dispositions for rcw sections that have been repealed, expired, decodified, or recodified.",community land trust,Low,,Definition of CLT,ae744d601b13e531d3cb9365c28bf4c578f7de06144275e68251d5dbb8006669,,,
WA,code site,https://app.leg.wa.gov/rcw/default.aspx?cite=43.185A.012,,Wash. Rev. Code § 43.185A.012,43.185A,Unknown,2026-04-01,"print rcws > title 43 > chapter 43.185a > section 43.185a.012 the citation you requested cannot be found. please verify that you have a valid rcw citation and try again or look in the rcw dispositions for rcw sections that have been repealed, expired, decodified, or recodified.",community land trust,Low,,Definition of CLT,21e40e64d63f234e43a3914756e0bf9bd18b972b573f7194a001ee78131c6629,,,
WA,code site,https://app.leg.wa.gov/rcw/default.aspx?cite=43.185A.013,,Wash. Rev. Code § 43.185A.013,43.185A,Unknown,2026-04-01,"print rcws > title 43 > chapter 43.185a > section 43.185a.013 the citation you requested cannot be found. please verify that you have a valid rcw citation and try again or look in the rcw dispositions for rcw sections that have been repealed, expired, decodified, or recodified.",community land trust,Low,,Definition of CLT,a98808a8501d1dae4ca4e7fba828dca0bb2601c1628e7521a35c0a3405374247,,,
WA,code site,https://app.leg.wa.gov/rcw/default.aspx?cite=43.185A.014,,Wash. Rev. Code § 43.185A.014,43.185A,Unknown,2026-04-01,"print rcws > title 43 > chapter 43.185a > section 43.185a.014 the citation you requested cannot be found. please verify that you have a valid rcw citation and try again or look in the rcw dispositions for rcw sections that have been repealed, expired, decodified, or recodified.",community land trust,Low,,Definition of CLT,4c493ff699b08080cda5321cb71e8d0ebf7918895bfab0a03b6acd83d99acf5f,,,
WA,code site,https://app.leg.wa.gov/rcw/default.aspx?cite=43.185A.015,,Wash. Rev. Code § 43.185A.015,43.185A,Unknown,2026-04-01,"print rcws > title 43 > chapter 43.185a > section 43.185a.015 the citation you requested cannot be found. please verify that you have a valid rcw citation and try again or look in the rcw dispositions for rcw sections that have been repealed, expired, decodified, or recodified.",community land trust,Low,,Definition of CLT,f3e6aab874a88660c11f7e92876d1388d38dc7838985cde1a2c87c830ee3bbb5,,,
WA,code site,https://app.leg.wa.gov/rcw/default.aspx?cite=43.185A.016,,Wash. Rev. Code § 43.185A.016,43.185A,Unknown,2026-04-01,"print rcws > title 43 > chapter 43.185a > section 43.185a.016 the citation you requested cannot be found. please verify that you have a valid rcw citation and try again or look in the rcw dispositions for rcw sections that have been repealed, expired, decodified, or recodified.",community land trust,Low,,Definition of CLT,927b88263d8303b4708cd9ffe5dcbc133701844b9926af20e7d58f03ec80aeda,,,
WA,code site,https://app.leg.wa.gov/rcw/default.aspx?cite=43.185A.017,,Wash. Rev. Code § 43.185A.017,43.185A,Unknown,2026-04-01,"print rcws > title 43 > chapter 43.185a > section 43.185a.017 the citation you requested cannot be found. please verify that you have a valid rcw citation and try again or look in the rcw dispositions for rcw sections that have been repealed, expired, decodified, or recodified.",community land trust,Low,,Definition of CLT,3ef33b9d1473f3c4cebfc7f07ecb1df9f11b9e985d18c1b7d7b8040ca5168004,,,
WA,code site,https://app.leg.wa.gov/rcw/default.aspx?cite=43.185A.018,,Wash. Rev. Code § 43.185A.018,43.185A,Unknown,2026-04-01,"print rcws > title 43 > chapter 43.185a > section 43.185a.018 the citation you requested cannot be found. please verify that you have a valid rcw citation and try again or look in the rcw dispositions for rcw sections that have been repealed, expired, decodified, or recodified.",community land trust,Low,,Definition of CLT,1fea8cd615f067354d434a65338210574fb51fd1764a27fe6a1913bbc33e5f73,,,
WA,code site,https://app.leg.wa.gov/rcw/default.aspx?cite=43.185A.019,,Wash. Rev. Code § 43.185A.019,43.185A,Unknown,2026-04-01,"print rcws > title 43 > chapter 43.185a > section 43.185a.019 the citation you requested cannot be found. please verify that you have a valid rcw citation and try again or look in the rcw dispositions for rcw sections that have been repealed, expired, decodified, or recodified.",community land trust,Low,,Definition of CLT,eb9dc49a5a8ed518ae6b78c267f781208e5cc7bc9558c12d67af00b3823464f1,,,
WA,code site,https://app.leg.wa.gov/rcw/default.aspx?cite=43.185A.020,RCW 43.185A.020: Affordable housing program—Purpose—Input.,Wash. Rev. Code § 43.185A.020,43.185A,Unknown,2026-04-01,rcw 43.185a.020: affordable housing program—purpose—input. print rcws > title 43 > chapter 43.185a > section 43.185a.020 43.185a.010 << 43.185a.020 >> 43.185a.040 pdf rcw 43.185a.020 affordable housing program — purpose — input. the affordable housing program is created in the department for the pur,community land trust,Low,,Affordability Covenants,3a0a54b993ccb51331f1bbc1e6a6de7832632039ad599d54a72309c6b6f1b32f,,state_fallback_wa:affordable housing,affordable housing
WA,code site,https://app.leg.wa.gov/rcw/default.aspx?cite=43.185A.021,,Wash. Rev. Code § 43.185A.021,43.185A,Unknown,2026-04-01,"print rcws > title 43 > chapter 43.185a > section 43.185a.021 the citation you requested cannot be found. please verify that you have a valid rcw citation and try again or look in the rcw dispositions for rcw sections that have been repealed, expired, decodified, or recodified.",community land trust,Low,,Definition of CLT,ccbf57bdec60ba2c26918dea0d4f6eb76a0aa983c0d698042a34986249cbb482,,,
WA,code site,https://app.leg.wa.gov/rcw/default.aspx?cite=43.185A.022,,Wash. Rev. Code § 43.185A.022,43.185A,Unknown,2026-04-01,"print rcws > title 43 > chapter 43.185a > section 43.185a.022 the citation you requested cannot be found. please verify that you have a valid rcw citation and try again or look in the rcw dispositions for rcw sections that have been repealed, expired, decodified, or recodified.",community land trust,Low,,Definition of CLT,b498dbeb33cfd9ce8b12cb90138454790e8eebe4d30b6a0ad7324e58dee1e908,,,
WA,code site,https://app.leg.wa.gov/rcw/default.aspx?cite=43.185A.023,,Wash. Rev. Code § 43.185A.023,43.185A,Unknown,2026-04-01,"print rcws > title 43 > chapter 43.185a > section 43.185a.023 the citation you requested cannot be found. please verify that you have a valid rcw citation and try again or look in the rcw dispositions for rcw sections that have been repealed, expired, decodified, or recodified.",community land trust,Low,,Definition of CLT,1310e8934b2ebaf5e2fd924b3120504c293885d0f2bc3adaa18b34e2bdeb93d6,,,
WA,code site,https://app.leg.wa.gov/rcw/default.aspx?cite=43.185A.024,,Wash. Rev. Code § 43.185A.024,43.185A,Unknown,2026-04-01,"print rcws > title 43 > chapter 43.185a > section 43.185a.024 the citation you requested cannot be found. please verify that you have a valid rcw citation and try again or look in the rcw dispositions for rcw sections that have been repealed, expired, decodified, or recodified.",community land trust,Low,,Definition of CLT,8bb38faa07b2b9d48d6c9c6d8fddc2bfeddd35044c69036ef692bb9451f46214,,,
WA,code site,https://app.leg.wa.gov/rcw/default.aspx?cite=43.185A.025,,Wash. Rev. Code § 43.185A.025,43.185A,Unknown,2026-04-01,"print rcws > title 43 > chapter 43.185a > section 43.185a.025 the citation you requested cannot be found. please verify that you have a valid rcw citation and try again or look in the rcw dispositions for rcw sections that have been repealed, expired, decodified, or recodified.",community land trust,Low,,Definition of CLT,e638a328d48a680390eca48702abb4ccafc3a9e844703a768c4b2f5e340f463f,,,
WA,code site,https://app.leg.wa.gov/rcw/default.aspx?cite=43.185A.026,,Wash. Rev. Code § 43.185A.026,43.185A,Unknown,2026-04-01,"print rcws > title 43 > chapter 43.185a > section 43.185a.026 the citation you requested cannot be found. please verify that you have a valid rcw citation and try again or look in the rcw dispositions for rcw sections that have been repealed, expired, decodified, or recodified.",community land trust,Low,,Definition of CLT,f67379c23ca4e3f03c23ca91485a66f6b099149e2118e083e35b4e0fac097e10,,,
WA,code site,https://app.leg.wa.gov/rcw/default.aspx?cite=43.185A.027,,Wash. Rev. Code § 43.185A.027,43.185A,Unknown,2026-04-01,"print rcws > title 43 > chapter 43.185a > section 43.185a.027 the citation you requested cannot be found. please verify that you have a valid rcw citation and try again or look in the rcw dispositions for rcw sections that have been repealed, expired, decodified, or recodified.",community land trust,Low,,Definition of CLT,fa2dccd33fb577b27abfb24bb5e082a16db389c2b0d1fb87c16cffa0e73b90b4,,,
WA,code site,https://app.leg.wa.gov/rcw/default.aspx?cite=43.185A.028,,Wash. Rev. Code § 43.185A.028,43.185A,Unknown,2026-04-01,"print rcws > title 43 > chapter 43.185a > section 43.185a.028 the citation you requested cannot be found. please verify that you have a valid rcw citation and try again or look in the rcw dispositions for rcw sections that have been repealed, expired, decodified, or recodified.",community land trust,Low,,Definition of CLT,2f12f8cebfb0d62f066af866a4bb349cf5837ee9e5c9364a6a38fee856cd0d8d,,,
WA,code site,https://app.leg.wa.gov/rcw/default.aspx?cite=43.185A.029,,Wash. Rev. Code § 43.185A.029,43.185A,Unknown,2026-04-01,"print rcws > title 43 > chapter 43.185a > section 43.185a.029 the citation you requested cannot be found. please verify that you have a valid rcw citation and try again or look in the rcw dispositions for rcw sections that have been repealed, expired, decodified, or recodified.",community land trust,Low,,Definition of CLT,d3b236f4f2f333dc3997f2eef68f933df9ea0e350bfbb144e35c3482decd263a,,,
WA,code site,https://app.leg.wa.gov/rcw/default.aspx?cite=43.185A.030,Chapter 43.185A.030 RCW Dispositions: AFFORDABLE HOUSING PROGRAM,Wash. Rev. Code § 43.185A.030,43.185A,Unknown,2026-04-01,chapter 43.185a.030 rcw dispositions: affordable housing program print rcws > dispositions > title 43 > chapter 43.185a chapter 43.185a.030 rcw dispositions affordable housing program sections 43.185a.030 activities eligible for assistance. [2013 c 145 § 5; 2011 1st sp.s. c 50 § 954. prior: 2005 c 5,community land trust,Low,,Affordability Covenants,d4291d7f09c25009b6e595fc085187d803eb0644fe72af0e9d93c030269aa8d4,,state_fallback_wa:affordable housing,affordable housing
WA,code site,https://app.leg.wa.gov/rcw/default.aspx?cite=43.185A.031,,Wash. Rev. Code § 43.185A.031,43.185A,Unknown,2026-04-01,"print rcws > title 43 > chapter 43.185a > section 43.185a.031 the citation you requested cannot be found. please verify that you have a valid rcw citation and try again or look in the rcw dispositions for rcw sections that have been repealed, expired, decodified, or recodified.",community land trust,Low,,Definition of CLT,56d0531c16e8c6295706d4ad3f2ac7c460fc6626aac8b46e67a2c3f81eb8a7fe,,,
WA,code site,https://app.leg.wa.gov/rcw/default.aspx?cite=43.185A.032,,Wash. Rev. Code § 43.185A.032,43.185A,Unknown,2026-04-01,"print rcws > title 43 > chapter 43.185a > section 43.185a.032 the citation you requested cannot be found. please verify that you have a valid rcw citation and try again or look in the rcw dispositions for rcw sections that have been repealed, expired, decodified, or recodified.",community land trust,Low,,Definition of CLT,ad27e4b6459ea0dadf8ecb7fc6d11880f3234d7f53f4a02994ec5e9131b34dfd,,,
WA,code site,https://app.leg.wa.gov/rcw/default.aspx?cite=43.185A.033,,Wash. Rev. Code § 43.185A.033,43.185A,Unknown,2026-04-01,"print rcws > title 43 > chapter 43.185a > section 43.185a.033 the citation you requested cannot be found. please verify that you have a valid rcw citation and try again or look in the rcw dispositions for rcw sections that have been repealed, expired, decodified, or recodified.",community land trust,Low,,Definition of CLT,2bccf19c026ca429eacac2394e6e3ca48f9ff28405aa99035de3c74615eba091,,,
WA,code site,https://app.leg.wa.gov/rcw/default.aspx?cite=43.185A.034,,Wash. Rev. Code § 43.185A.034,43.185A,Unknown,2026-04-01,"print rcws > title 43 > chapter 43.185a > section 43.185a.034 the citation you requested cannot be found. please verify that you have a valid rcw citation and try again or look in the rcw dispositions for rcw sections that have been repealed, expired, decodified, or recodified.",community land trust,Low,,Definition of CLT,a3c4d17475502794aa80e1d9998d2a4da6814603ba2cfe3f97acdec9c8ff92ad,,,
WA,code site,https://app.leg.wa.gov/rcw/default.aspx?cite=43.185A.035,,Wash. Rev. Code § 43.185A.035,43.185A,Unknown,2026-04-01,"print rcws > title 43 > chapter 43.185a > section 43.185a.035 the citation you requested cannot be found. please verify that you have a valid rcw citation and try again or look in the rcw dispositions for rcw sections that have been repealed, expired, decodified, or recodified.",community land trust,Low,,Definition of CLT,e4f894b3b8a679c0b2d621f18b1178bfe68d72bacff1a5008df165f87064c0c7,,,
WA,code site,https://app.leg.wa.gov/rcw/default.aspx?cite=43.185A.036,,Wash. Rev. Code § 43.185A.036,43.185A,Unknown,2026-04-01,"print rcws > title 43 > chapter 43.185a > section 43.185a.036 the citation you requested cannot be found. please verify that you have a valid rcw citation and try again or look in the rcw dispositions for rcw sections that have been repealed, expired, decodified, or recodified.",community land trust,Low,,Definition of CLT,8487769a7c8b5c08c9756c5cbf768ca11183da47036b9853f8936aa5fcbb55d1,,,
WA,code site,https://app.leg.wa.gov/rcw/default.aspx?cite=43.185A.037,,Wash. Rev. Code § 43.185A.037,43.185A,Unknown,2026-04-01,"print rcws > title 43 > chapter 43.185a > section 43.185a.037 the citation you requested cannot be found. please verify that you have a valid rcw citation and try again or look in the rcw dispositions for rcw sections that have been repealed, expired, decodified, or recodified.",community land trust,Low,,Definition of CLT,f29ce120507f0fa96361b8b292450ca1d2327d971e91ad47fd1e149f7616f013,,,
WA,code site,https://app.leg.wa.gov/rcw/default.aspx?cite=43.185A.038,,Wash. Rev. Code § 43.185A.038,43.185A,Unknown,2026-04-01,"print rcws > title 43 > chapter 43.185a > section 43.185a.038 the citation you requested cannot be found. please verify that you have a valid rcw citation and try again or look in the rcw dispositions for rcw sections that have been repealed, expired, decodified, or recodified.",community land trust,Low,,Definition of CLT,d2b5c424ea115563f42bcabce9b953a8b252aee4174bd8a445544a818ff656b6,,,
WA,code site,https://app.leg.wa.gov/rcw/default.aspx?cite=43.185A.039,,Wash. Rev. Code § 43.185A.039,43.185A,Unknown,2026-04-01,"print rcws > title 43 > chapter 43.185a > section 43.185a.039 the citation you requested cannot be found. please verify that you have a valid rcw citation and try again or look in the rcw dispositions for rcw sections that have been repealed, expired, decodified, or recodified.",community land trust,Low,,Definition of CLT,455d8ab88716f103747f0a361467fd89917ffaa661a69467d63e4336b1162f55,,,
WA,code site,https://app.leg.wa.gov/rcw/default.aspx?cite=43.185A.040,RCW 43.185A.040: Eligible organizations.,Wash. Rev. Code § 43.185A.040,43.185A,Unknown,2026-04-01,"rcw 43.185a.040: eligible organizations. print rcws > title 43 > chapter 43.185a > section 43.185a.040 43.185a.020 << 43.185a.040 >> 43.185a.060 pdf rcw 43.185a.040 eligible organizations. organizations that may receive assistance from the department under this chapter are local governments, local h",community land trust,Low,,Definition of CLT,a8eacf008ea6bee5eb5844020746315082cf8816cebfc36b66b351d398c1af11,,,
WA,code site,https://app.leg.wa.gov/rcw/default.aspx?cite=43.185A.041,,Wash. Rev. Code § 43.185A.041,43.185A,Unknown,2026-04-01,"print rcws > title 43 > chapter 43.185a > section 43.185a.041 the citation you requested cannot be found. please verify that you have a valid rcw citation and try again or look in the rcw dispositions for rcw sections that have been repealed, expired, decodified, or recodified.",community land trust,Low,,Definition of CLT,de09aa90718a7a6c8aa2caf3910e867f5b7a47c0a5445d3fa2a71e578110e138,,,
WA,code site,https://app.leg.wa.gov/rcw/default.aspx?cite=43.185A.042,,Wash. Rev. Code § 43.185A.042,43.185A,Unknown,2026-04-01,"print rcws > title 43 > chapter 43.185a > section 43.185a.042 the citation you requested cannot be found. please verify that you have a valid rcw citation and try again or look in the rcw dispositions for rcw sections that have been repealed, expired, decodified, or recodified.",community land trust,Low,,Definition of CLT,f11fd09efdcd805073380b772709a8b3d074a11734f7752cf971243149069f48,,,
WA,code site,https://app.leg.wa.gov/rcw/default.aspx?cite=43.185A.043,,Wash. Rev. Code § 43.185A.043,43.185A,Unknown,2026-04-01,"print rcws > title 43 > chapter 43.185a > section 43.185a.043 the citation you requested cannot be found. please verify that you have a valid rcw citation and try again or look in the rcw dispositions for rcw sections that have been repealed, expired, decodified, or recodified.",community land trust,Low,,Definition of CLT,9ad42edffd366c3752ed9b1262a33275fd6347ebabe53945cb90d188c1f2b0eb,,,
WA,code site,https://app.leg.wa.gov/rcw/default.aspx?cite=43.185A.044,,Wash. Rev. Code § 43.185A.044,43.185A,Unknown,2026-04-01,"print rcws > title 43 > chapter 43.185a > section 43.185a.044 the citation you requested cannot be found. please verify that you have a valid rcw citation and try again or look in the rcw dispositions for rcw sections that have been repealed, expired, decodified, or recodified.",community land trust,Low,,Definition of CLT,dbf5ec368f34b3bc66d1f84b2b105956a9eadb543c155141431b600123fb89f8,,,
WA,code site,https://app.leg.wa.gov/rcw/default.aspx?cite=43.185A.045,,Wash. Rev. Code § 43.185A.045,43.185A,Unknown,2026-04-01,"print rcws > title 43 > chapter 43.185a > section 43.185a.045 the citation you requested cannot be found. please verify that you have a valid rcw citation and try again or look in the rcw dispositions for rcw sections that have been repealed, expired, decodified, or recodified.",community land trust,Low,,Definition of CLT,0013172619d13cd9f9575294d51463ed82a3d1b23387dba5bcd6869bd56cb3d0,,,
WA,code site,https://app.leg.wa.gov/rcw/default.aspx?cite=43.185A.046,,Wash. Rev. Code § 43.185A.046,43.185A,Unknown,2026-04-01,"print rcws > title 43 > chapter 43.185a > section 43.185a.046 the citation you requested cannot be found. please verify that you have a valid rcw citation and try again or look in the rcw dispositions for rcw sections that have been repealed, expired, decodified, or recodified.",community land trust,Low,,Definition of CLT,a930a03edd11ad6f648cc7747c5ed9bb06be28313de831d1d56227dbfb894897,,,
WA,code site,https://app.leg.wa.gov/rcw/default.aspx?cite=43.185A.047,,Wash. Rev. Code § 43.185A.047,43.185A,Unknown,2026-04-01,"print rcws > title 43 > chapter 43.185a > section 43.185a.047 the citation you requested cannot be found. please verify that you have a valid rcw citation and try again or look in the rcw dispositions for rcw sections that have been repealed, expired, decodified, or recodified.",community land trust,Low,,Definition of CLT,84e2e141dda1d14b0d805bec19e9660b2ac35c3471b92e2c10ba6ecb99201a2a,,,
WA,code site,https://app.leg.wa.gov/rcw/default.aspx?cite=43.185A.048,,Wash. Rev. Code § 43.185A.048,43.185A,Unknown,2026-04-01,"print rcws > title 43 > chapter 43.185a > section 43.185a.048 the citation you requested cannot be found. please verify that you have a valid rcw citation and try again or look in the rcw dispositions for rcw sections that have been repealed, expired, decodified, or recodified.",community land trust,Low,,Definition of CLT,ae34b7699f3f09db25498469e58af15d9000a411ee5367403a41e3eaccdc6115,,,
WA,code site,https://app.leg.wa.gov/rcw/default.aspx?cite=43.185A.049,,Wash. Rev. Code § 43.185A.049,43.185A,Unknown,2026-04-01,"print rcws > title 43 > chapter 43.185a > section 43.185a.049 the citation you requested cannot be found. please verify that you have a valid rcw citation and try again or look in the rcw dispositions for rcw sections that have been repealed, expired, decodified, or recodified.",community land trust,Low,,Definition of CLT,a50d1af220f6de44644416336518f0a1c2bfa11c00f9e418e0def0ed96caeb23,,,
WA,code site,https://app.leg.wa.gov/rcw/default.aspx?cite=43.185A.050,Chapter 43.185A.050 RCW Dispositions: AFFORDABLE HOUSING PROGRAM,Wash. Rev. Code § 43.185A.050,43.185A,Unknown,2026-04-01,chapter 43.185a.050 rcw dispositions: affordable housing program print rcws > dispositions > title 43 > chapter 43.185a chapter 43.185a.050 rcw dispositions affordable housing program sections 43.185a.030 activities eligible for assistance. [2013 c 145 § 5; 2011 1st sp.s. c 50 § 954. prior: 2005 c 5,community land trust,Low,,Affordability Covenants,27c55a79c893dbaf79c1cfdb044b00a490ad5a736f24f846eb3ede55dcfe0e1d,,state_fallback_wa:affordable housing,affordable housing
WA,code site,https://app.leg.wa.gov/rcw/default.aspx?cite=84.14.001,,Wash. Rev. Code § 84.14.001,84.14,Unknown,2026-04-01,"print rcws > title 84 > chapter 84.14 > section 84.14.001 the citation you requested cannot be found. please verify that you have a valid rcw citation and try again or look in the rcw dispositions for rcw sections that have been repealed, expired, decodified, or recodified.",community land trust,Low,,Definition of CLT,09c3057b882471edb412cbd0586b3b178e88aeac0f2c44e8f09677a5162f9be4,,,
WA,code site,https://app.leg.wa.gov/rcw/default.aspx?cite=84.14.002,,Wash. Rev. Code § 84.14.002,84.14,Unknown,2026-04-01,"print rcws > title 84 > chapter 84.14 > section 84.14.002 the citation you requested cannot be found. please verify that you have a valid rcw citation and try again or look in the rcw dispositions for rcw sections that have been repealed, expired, decodified, or recodified.",community land trust,Low,,Definition of CLT,06d49a664383745f07a22e0952ab439c5d3871398da1bd5565827632e60197d5,,,
WA,code site,https://app.leg.wa.gov/rcw/default.aspx?cite=84.14.003,,Wash. Rev. Code § 84.14.003,84.14,Unknown,2026-04-01,"print rcws > title 84 > chapter 84.14 > section 84.14.003 the citation you requested cannot be found. please verify that you have a valid rcw citation and try again or look in the rcw dispositions for rcw sections that have been repealed, expired, decodified, or recodified.",community land trust,Low,,Definition of CLT,8cac3a5685ea519c84c141b0866ea97e13652971ddc4766b182c88c617405a7f,,,
WA,code site,https://app.leg.wa.gov/rcw/default.aspx?cite=84.14.004,,Wash. Rev. Code § 84.14.004,84.14,Unknown,2026-04-01,"print rcws > title 84 > chapter 84.14 > section 84.14.004 the citation you requested cannot be found. please verify that you have a valid rcw citation and try again or look in the rcw dispositions for rcw sections that have been repealed, expired, decodified, or recodified.",community land trust,Low,,Definition of CLT,ec7a761155a96b82f88539e51771e4c928bf6012fbe5fca0399fce768aed6845,,,
WA,code site,https://app.leg.wa.gov/rcw/default.aspx?cite=84.14.005,RCW 84.14.005: Findings—Intent.,Wash. Rev. Code § 84.14.005,84.14,Unknown,2026-04-01,rcw 84.14.005: findings—intent. print rcws > title 84 > chapter 84.14 > section 84.14.005 beginning of chapter << 84.14.005 >> 84.14.007 pdf rcw 84.14.005 findings — intent. (1) the legislature finds: (a) that in many of washington's urban centers there is insufficient availability of desirable and ,community land trust,Low,,Definition of CLT,28e1b3e07e700f70a5a102506ed2212c9381edab137ca723ab973157a29a092e,,state_fallback_wa:affordable housing,affordable housing; permanently affordable
WA,code site,https://app.leg.wa.gov/rcw/default.aspx?cite=84.14.006,,Wash. Rev. Code § 84.14.006,84.14,Unknown,2026-04-01,"print rcws > title 84 > chapter 84.14 > section 84.14.006 the citation you requested cannot be found. please verify that you have a valid rcw citation and try again or look in the rcw dispositions for rcw sections that have been repealed, expired, decodified, or recodified.",community land trust,Low,,Definition of CLT,551ce7a4ded2fe41a27a12ebaab7f35ef9c2fe4ab942fa1d63052f1e3a9ef96b,,,
WA,code site,https://app.leg.wa.gov/rcw/default.aspx?cite=84.14.007,RCW 84.14.007: Purpose.,Wash. Rev. Code § 84.14.007,84.14,Unknown,2026-04-01,"rcw 84.14.007: purpose. print rcws > title 84 > chapter 84.14 > section 84.14.007 84.14.005 << 84.14.007 >> 84.14.010 pdf rcw 84.14.007 purpose. it is the purpose of this chapter to encourage increased residential opportunities, including affordable housing opportunities, in cities that are required",community land trust,Low,,Affordability Covenants,fb3369087d81446c7fa56390b073dc49016eff99e5c294d0f0cdbd41e2e2cbac,,state_fallback_wa:affordable housing,affordable housing
WA,code site,https://app.leg.wa.gov/rcw/default.aspx?cite=84.14.008,,Wash. Rev. Code § 84.14.008,84.14,Unknown,2026-04-01,"print rcws > title 84 > chapter 84.14 > section 84.14.008 the citation you requested cannot be found. please verify that you have a valid rcw citation and try again or look in the rcw dispositions for rcw sections that have been repealed, expired, decodified, or recodified.",community land trust,Low,,Definition of CLT,8b8b62c0b53f14a2504023a795d12875e3a20f491b7641b7f673270016b483bc,,,
WA,code site,https://app.leg.wa.gov/rcw/default.aspx?cite=84.14.009,,Wash. Rev. Code § 84.14.009,84.14,Unknown,2026-04-01,"print rcws > title 84 > chapter 84.14 > section 84.14.009 the citation you requested cannot be found. please verify that you have a valid rcw citation and try again or look in the rcw dispositions for rcw sections that have been repealed, expired, decodified, or recodified.",community land trust,Low,,Definition of CLT,a79028ce88aa0efd0dd86e60b1276633370b343421934b9d76088a2c7a38ca87,,,
WA,code site,https://app.leg.wa.gov/rcw/default.aspx?cite=84.14.010,RCW 84.14.010: Definitions.,Wash. Rev. Code § 84.14.010,84.14,Amended,2026-04-01,"rcw 84.14.010: definitions. print rcws > title 84 > chapter 84.14 > section 84.14.010 84.14.007 << 84.14.010 >> 84.14.015 pdf rcw 84.14.010 definitions. the definitions in this section apply throughout this chapter unless the context clearly requires otherwise. (1) ""affordable housing"" means residen",community land trust,Low,,Affordability Covenants,72e91787af81b7717d07395388c188d3876b5dfb73a82eb1165a6ca64ae286fb,,state_fallback_wa:affordable housing,affordable housing
WA,code site,https://app.leg.wa.gov/rcw/default.aspx?cite=84.14.011,,Wash. Rev. Code § 84.14.011,84.14,Unknown,2026-04-01,"print rcws > title 84 > chapter 84.14 > section 84.14.011 the citation you requested cannot be found. please verify that you have a valid rcw citation and try again or look in the rcw dispositions for rcw sections that have been repealed, expired, decodified, or recodified.",community land trust,Low,,Definition of CLT,228121f80dead889272f41a6c3aa46ad869c42048aed1fb691e2e487a5400193,,,
WA,code site,https://app.leg.wa.gov/rcw/default.aspx?cite=84.14.012,,Wash. Rev. Code § 84.14.012,84.14,Unknown,2026-04-01,"print rcws > title 84 > chapter 84.14 > section 84.14.012 the citation you requested cannot be found. please verify that you have a valid rcw citation and try again or look in the rcw dispositions for rcw sections that have been repealed, expired, decodified, or recodified.",community land trust,Low,,Definition of CLT,423459bbe01fab498729e1d0f7a6fe201466ba6613eb619befe9b208eae5e57a,,,
WA,code site,https://app.leg.wa.gov/rcw/default.aspx?cite=84.14.013,,Wash. Rev. Code § 84.14.013,84.14,Unknown,2026-04-01,"print rcws > title 84 > chapter 84.14 > section 84.14.013 the citation you requested cannot be found. please verify that you have a valid rcw citation and try again or look in the rcw dispositions for rcw sections that have been repealed, expired, decodified, or recodified.",community land trust,Low,,Definition of CLT,8026c54df2b47e5bd4e582315eb235cf51f4835ece1d4c0fe8e0cab4f1404596,,,
WA,code site,https://app.leg.wa.gov/rcw/default.aspx?cite=84.14.014,,Wash. Rev. Code § 84.14.014,84.14,Unknown,2026-04-01,"print rcws > title 84 > chapter 84.14 > section 84.14.014 the citation you requested cannot be found. please verify that you have a valid rcw citation and try again or look in the rcw dispositions for rcw sections that have been repealed, expired, decodified, or recodified.",community land trust,Low,,Definition of CLT,24688766d2b92e06aee937e972d5d9be27d96396df272d1c9901337725f7289b,,,
WA,code site,https://app.leg.wa.gov/rcw/default.aspx?cite=84.14.015,RCW 84.14.015: Transit-oriented development—Application standards.,Wash. Rev. Code § 84.14.015,84.14,Unknown,2026-04-01,rcw 84.14.015: transit-oriented development—application standards. print rcws > title 84 > chapter 84.14 > section 84.14.015 84.14.010 << 84.14.015 >> 84.14.020 pdf rcw 84.14.015 transit-oriented development — application standards. the governing authority of a city with a station area must adopt an,community land trust,Low,,Definition of CLT,bd936a6cfb6a814c93867a73d30f6dc0bfd6886975156e7e65f9c16c08a0a4a8,,,
WA,code site,https://app.leg.wa.gov/rcw/default.aspx?cite=84.14.016,,Wash. Rev. Code § 84.14.016,84.14,Unknown,2026-04-01,"print rcws > title 84 > chapter 84.14 > section 84.14.016 the citation you requested cannot be found. please verify that you have a valid rcw citation and try again or look in the rcw dispositions for rcw sections that have been repealed, expired, decodified, or recodified.",community land trust,Low,,Definition of CLT,4ff16f9f4acd3c5cc8b9b88f00379a7d5532277ed995ca1d78fd2fb0498542f4,,,
WA,code site,https://app.leg.wa.gov/rcw/default.aspx?cite=84.14.017,,Wash. Rev. Code § 84.14.017,84.14,Unknown,2026-04-01,"print rcws > title 84 > chapter 84.14 > section 84.14.017 the citation you requested cannot be found. please verify that you have a valid rcw citation and try again or look in the rcw dispositions for rcw sections that have been repealed, expired, decodified, or recodified.",community land trust,Low,,Definition of CLT,92e65487fadc660fdbd7c00f0fd83859f6cf8cd1ef1ab5bf8936c2ad1a36e64a,,,
WA,code site,https://app.leg.wa.gov/rcw/default.aspx?cite=84.14.018,,Wash. Rev. Code § 84.14.018,84.14,Unknown,2026-04-01,"print rcws > title 84 > chapter 84.14 > section 84.14.018 the citation you requested cannot be found. please verify that you have a valid rcw citation and try again or look in the rcw dispositions for rcw sections that have been repealed, expired, decodified, or recodified.",community land trust,Low,,Definition of CLT,4a24ece977fd886a6a8dbe3e4d142ea2f3e5b54f3dcc1efe41882cb301796996,,,
WA,code site,https://app.leg.wa.gov/rcw/default.aspx?cite=84.14.019,,Wash. Rev. Code § 84.14.019,84.14,Unknown,2026-04-01,"print rcws > title 84 > chapter 84.14 > section 84.14.019 the citation you requested cannot be found. please verify that you have a valid rcw citation and try again or look in the rcw dispositions for rcw sections that have been repealed, expired, decodified, or recodified.",community land trust,Low,,Definition of CLT,785397e519ebe30b06223b0bca2bf6ed759e1f83e02441b902097da0d2984ec7,,,
WA,code site,https://app.leg.wa.gov/rcw/default.aspx?cite=84.14.020,RCW 84.14.020: Exemption—Duration—Valuation—Relocation assistance.,Wash. Rev. Code § 84.14.020,84.14,Amended,2026-04-01,rcw 84.14.020: exemption—duration—valuation—relocation assistance. print rcws > title 84 > chapter 84.14 > section 84.14.020 84.14.015 << 84.14.020 >> 84.14.021 pdf rcw 84.14.020 exemption — duration — valuation — relocation assistance. *** change in 2026 *** (see 2451-s2.sl ) *** (1)(a) the value o,community land trust,Low,,Definition of CLT,2b569ee69d4610770a64330ceb268af92ed6f1200d97de13b7d7c4c2983723a4,,state_fallback_wa:affordable housing,affordable housing; low-income housing; permanently affordable
WA,code site,https://app.leg.wa.gov/rcw/default.aspx?cite=84.14.021,RCW 84.14.021: Exemption—Duration—Valuation—New construction.,Wash. Rev. Code § 84.14.021,84.14,Unknown,2026-04-01,"rcw 84.14.021: exemption—duration—valuation—new construction. print rcws > title 84 > chapter 84.14 > section 84.14.021 84.14.020 << 84.14.021 >> 84.14.030 pdf rcw 84.14.021 exemption — duration — valuation — new construction. (1)(a) the value of new housing construction, conversion, and rehabilitat",community land trust,Low,,Definition of CLT,cb921c3fb7b4e6a70e437f5e401eaf3a01011d0b8be20ee8bc0f3c0ba1aafa29,,state_fallback_wa:affordable housing,affordable housing; permanently affordable; permanent affordability; resale restriction
WA,code site,https://app.leg.wa.gov/rcw/default.aspx?cite=84.14.022,,Wash. Rev. Code § 84.14.022,84.14,Unknown,2026-04-01,"print rcws > title 84 > chapter 84.14 > section 84.14.022 the citation you requested cannot be found. please verify that you have a valid rcw citation and try again or look in the rcw dispositions for rcw sections that have been repealed, expired, decodified, or recodified.",community land trust,Low,,Definition of CLT,54d134ea799777ab8f46b035464c8953be8504a8d9a61283243cd597387c1e12,,,
WA,code site,https://app.leg.wa.gov/rcw/default.aspx?cite=84.14.023,,Wash. Rev. Code § 84.14.023,84.14,Unknown,2026-04-01,"print rcws > title 84 > chapter 84.14 > section 84.14.023 the citation you requested cannot be found. please verify that you have a valid rcw citation and try again or look in the rcw dispositions for rcw sections that have been repealed, expired, decodified, or recodified.",community land trust,Low,,Definition of CLT,064790aef8a8e6a22f76ab72e05300b3d128ba86722e47c4a98f627afbb74c55,,,
WA,code site,https://app.leg.wa.gov/rcw/default.aspx?cite=84.14.024,,Wash. Rev. Code § 84.14.024,84.14,Unknown,2026-04-01,"print rcws > title 84 > chapter 84.14 > section 84.14.024 the citation you requested cannot be found. please verify that you have a valid rcw citation and try again or look in the rcw dispositions for rcw sections that have been repealed, expired, decodified, or recodified.",community land trust,Low,,Definition of CLT,2b0e9841caf81ced101c1b7a9ec45713be71172e3c8d1bd23c92dfebf9a9f876,,,
WA,code site,https://app.leg.wa.gov/rcw/default.aspx?cite=84.14.025,,Wash. Rev. Code § 84.14.025,84.14,Unknown,2026-04-01,"print rcws > title 84 > chapter 84.14 > section 84.14.025 the citation you requested cannot be found. please verify that you have a valid rcw citation and try again or look in the rcw dispositions for rcw sections that have been repealed, expired, decodified, or recodified.",community land trust,Low,,Definition of CLT,7e387f49aa2cbb9075e4be277294f2617df6c065c038cca092cb6b5d9a53dd2c,,,
WA,code site,https://app.leg.wa.gov/rcw/default.aspx?cite=84.14.026,,Wash. Rev. Code § 84.14.026,84.14,Unknown,2026-04-01,"print rcws > title 84 > chapter 84.14 > section 84.14.026 the citation you requested cannot be found. please verify that you have a valid rcw citation and try again or look in the rcw dispositions for rcw sections that have been repealed, expired, decodified, or recodified.",community land trust,Low,,Definition of CLT,ffad8661961508df92aad9b25a245e98f302c3b727d04ede74c5d274fbcada90,,,
WA,code site,https://app.leg.wa.gov/rcw/default.aspx?cite=84.14.027,,Wash. Rev. Code § 84.14.027,84.14,Unknown,2026-04-01,"print rcws > title 84 > chapter 84.14 > section 84.14.027 the citation you requested cannot be found. please verify that you have a valid rcw citation and try again or look in the rcw dispositions for rcw sections that have been repealed, expired, decodified, or recodified.",community land trust,Low,,Definition of CLT,ce8b40407547d5eaa69a4087478a0d3205a0d3383cf14d32a60c5a7501198c7e,,,
WA,code site,https://app.leg.wa.gov/rcw/default.aspx?cite=84.14.028,,Wash. Rev. Code § 84.14.028,84.14,Unknown,2026-04-01,"print rcws > title 84 > chapter 84.14 > section 84.14.028 the citation you requested cannot be found. please verify that you have a valid rcw citation and try again or look in the rcw dispositions for rcw sections that have been repealed, expired, decodified, or recodified.",community land trust,Low,,Definition of CLT,79df8be8aec0cf0393653ea60aeaed0e550d5956b78c07d8d40b2a3f195a2d13,,,
WA,code site,https://app.leg.wa.gov/rcw/default.aspx?cite=84.14.029,,Wash. Rev. Code § 84.14.029,84.14,Unknown,2026-04-01,"print rcws > title 84 > chapter 84.14 > section 84.14.029 the citation you requested cannot be found. please verify that you have a valid rcw citation and try again or look in the rcw dispositions for rcw sections that have been repealed, expired, decodified, or recodified.",community land trust,Low,,Definition of CLT,7ba5ed97fad16f1daa8a5dfa8d9a7c300b596880df9a41997877637271701772,,,
WA,code site,https://app.leg.wa.gov/rcw/default.aspx?cite=84.14.030,RCW 84.14.030: Application—Requirements.,Wash. Rev. Code § 84.14.030,84.14,Unknown,2026-04-01,rcw 84.14.030: application—requirements. print rcws > title 84 > chapter 84.14 > section 84.14.030 84.14.021 << 84.14.030 >> 84.14.040 pdf rcw 84.14.030 application — requirements. an owner of property making application under this chapter must meet the following requirements: (1) the new or rehabil,community land trust,Low,,Definition of CLT,a99b675eb898fb76da260b3b302af07ee22c35afabb6590609e41d3740ecd4c5,,,
WA,code site,https://app.leg.wa.gov/rcw/default.aspx?cite=84.14.031,,Wash. Rev. Code § 84.14.031,84.14,Unknown,2026-04-01,"print rcws > title 84 > chapter 84.14 > section 84.14.031 the citation you requested cannot be found. please verify that you have a valid rcw citation and try again or look in the rcw dispositions for rcw sections that have been repealed, expired, decodified, or recodified.",community land trust,Low,,Definition of CLT,48cec00ae70d97c7161aba7849172a9e73a3637a0c2cea7ad22fabb6f5b5f3c6,,,
WA,code site,https://app.leg.wa.gov/rcw/default.aspx?cite=84.14.032,,Wash. Rev. Code § 84.14.032,84.14,Unknown,2026-04-01,"print rcws > title 84 > chapter 84.14 > section 84.14.032 the citation you requested cannot be found. please verify that you have a valid rcw citation and try again or look in the rcw dispositions for rcw sections that have been repealed, expired, decodified, or recodified.",community land trust,Low,,Definition of CLT,c67afb54f85110333b39786fc94dbb040300abf4bb3f08960c5ae7058c71e10a,,,
WA,code site,https://app.leg.wa.gov/rcw/default.aspx?cite=84.14.033,,Wash. Rev. Code § 84.14.033,84.14,Unknown,2026-04-01,"print rcws > title 84 > chapter 84.14 > section 84.14.033 the citation you requested cannot be found. please verify that you have a valid rcw citation and try again or look in the rcw dispositions for rcw sections that have been repealed, expired, decodified, or recodified.",community land trust,Low,,Definition of CLT,25a3175f2a69441bd6c181614a2a9bd2b8e12ce2dd703086bf73b4f01bafd2e5,,,
WA,code site,https://app.leg.wa.gov/rcw/default.aspx?cite=84.14.034,,Wash. Rev. Code § 84.14.034,84.14,Unknown,2026-04-01,"print rcws > title 84 > chapter 84.14 > section 84.14.034 the citation you requested cannot be found. please verify that you have a valid rcw citation and try again or look in the rcw dispositions for rcw sections that have been repealed, expired, decodified, or recodified.",community land trust,Low,,Definition of CLT,969df5dbf333bda7cdd799be65d0269f28a9991d9c354528e66a9e3c604de4b5,,,
WA,code site,https://app.leg.wa.gov/rcw/default.aspx?cite=84.14.035,,Wash. Rev. Code § 84.14.035,84.14,Unknown,2026-04-01,"print rcws > title 84 > chapter 84.14 > section 84.14.035 the citation you requested cannot be found. please verify that you have a valid rcw citation and try again or look in the rcw dispositions for rcw sections that have been repealed, expired, decodified, or recodified.",community land trust,Low,,Definition of CLT,ea1753699f04bbd38d6709edb9173fbff82d8d55d4ad534d05d01beab05c6a38,,,
WA,code site,https://app.leg.wa.gov/rcw/default.aspx?cite=84.14.036,,Wash. Rev. Code § 84.14.036,84.14,Unknown,2026-04-01,"print rcws > title 84 > chapter 84.14 > section 84.14.036 the citation you requested cannot be found. please verify that you have a valid rcw citation and try again or look in the rcw dispositions for rcw sections that have been repealed, expired, decodified, or recodified.",community land trust,Low,,Definition of CLT,cdc793ab2d37b7775478a29463284453b6b6812246855b549be430d4b7fc182d,,,
WA,code site,https://app.leg.wa.gov/rcw/default.aspx?cite=84.14.037,,Wash. Rev. Code § 84.14.037,84.14,Unknown,2026-04-01,"print rcws > title 84 > chapter 84.14 > section 84.14.037 the citation you requested cannot be found. please verify that you have a valid rcw citation and try again or look in the rcw dispositions for rcw sections that have been repealed, expired, decodified, or recodified.",community land trust,Low,,Definition of CLT,1e116f9a42601bc163001f5953554d8dcc9b1d4ad2916491729835f1dd5376bc,,,
WA,code site,https://app.leg.wa.gov/rcw/default.aspx?cite=84.14.038,,Wash. Rev. Code § 84.14.038,84.14,Unknown,2026-04-01,"print rcws > title 84 > chapter 84.14 > section 84.14.038 the citation you requested cannot be found. please verify that you have a valid rcw citation and try again or look in the rcw dispositions for rcw sections that have been repealed, expired, decodified, or recodified.",community land trust,Low,,Definition of CLT,c07b65ab630c6d1a36b21b384d1db96f5994aac75bc20481915b102231851e6d,,,
WA,code site,https://app.leg.wa.gov/rcw/default.aspx?cite=84.14.039,,Wash. Rev. Code § 84.14.039,84.14,Unknown,2026-04-01,"print rcws > title 84 > chapter 84.14 > section 84.14.039 the citation you requested cannot be found. please verify that you have a valid rcw citation and try again or look in the rcw dispositions for rcw sections that have been repealed, expired, decodified, or recodified.",community land trust,Low,,Definition of CLT,69ecfffd4bcee3cb17f40d8f13631066f112f9c0ef9ef495bdf4a618421ec538,,,
WA,code site,https://app.leg.wa.gov/rcw/default.aspx?cite=84.14.040,"RCW 84.14.040: Designation of residential targeted area—Criteria—Local designation—Hearing—Standards, guidelines.",Wash. Rev. Code § 84.14.040,84.14,Unknown,2026-04-01,"rcw 84.14.040: designation of residential targeted area—criteria—local designation—hearing—standards, guidelines. print rcws > title 84 > chapter 84.14 > section 84.14.040 84.14.030 << 84.14.040 >> 84.14.050 pdf rcw 84.14.040 designation of residential targeted area — criteria — local designation — ",community land trust,Low,,Definition of CLT,72da8608cc11a784fdaba998c9cb794558deb449f96e95bfddeb34d48f4a7c90,,state_fallback_wa:affordable housing,affordable housing
WA,code site,https://app.leg.wa.gov/rcw/default.aspx?cite=84.14.041,,Wash. Rev. Code § 84.14.041,84.14,Unknown,2026-04-01,"print rcws > title 84 > chapter 84.14 > section 84.14.041 the citation you requested cannot be found. please verify that you have a valid rcw citation and try again or look in the rcw dispositions for rcw sections that have been repealed, expired, decodified, or recodified.",community land trust,Low,,Definition of CLT,2e846a7e6cd445135ab11cb935237ce623902c957157dc62b9cdff50beb34312,,,
WA,code site,https://app.leg.wa.gov/rcw/default.aspx?cite=84.14.042,,Wash. Rev. Code § 84.14.042,84.14,Unknown,2026-04-01,"print rcws > title 84 > chapter 84.14 > section 84.14.042 the citation you requested cannot be found. please verify that you have a valid rcw citation and try again or look in the rcw dispositions for rcw sections that have been repealed, expired, decodified, or recodified.",community land trust,Low,,Definition of CLT,da324f37b07f472421708463ff44337ccd7542ca17acf65a1c6e4a1359630796,,,
WA,code site,https://app.leg.wa.gov/rcw/default.aspx?cite=84.14.043,,Wash. Rev. Code § 84.14.043,84.14,Unknown,2026-04-01,"print rcws > title 84 > chapter 84.14 > section 84.14.043 the citation you requested cannot be found. please verify that you have a valid rcw citation and try again or look in the rcw dispositions for rcw sections that have been repealed, expired, decodified, or recodified.",community land trust,Low,,Definition of CLT,819748433c9068d28dee885f524a20001bbe328000c817acd1d4f3627142c888,,,
WA,code site,https://app.leg.wa.gov/rcw/default.aspx?cite=84.14.044,,Wash. Rev. Code § 84.14.044,84.14,Unknown,2026-04-01,"print rcws > title 84 > chapter 84.14 > section 84.14.044 the citation you requested cannot be found. please verify that you have a valid rcw citation and try again or look in the rcw dispositions for rcw sections that have been repealed, expired, decodified, or recodified.",community land trust,Low,,Definition of CLT,fff4348c2e39c69f13ea5c12c6248f53957790845a3883fa87618db3d7fd7ddb,,,
WA,code site,https://app.leg.wa.gov/rcw/default.aspx?cite=84.14.045,,Wash. Rev. Code § 84.14.045,84.14,Unknown,2026-04-01,"print rcws > title 84 > chapter 84.14 > section 84.14.045 the citation you requested cannot be found. please verify that you have a valid rcw citation and try again or look in the rcw dispositions for rcw sections that have been repealed, expired, decodified, or recodified.",community land trust,Low,,Definition of CLT,33de60512993dc53aa87ef3e34aee77b29ad18dbef1abc969fb85b546af59c29,,,
WA,code site,https://app.leg.wa.gov/rcw/default.aspx?cite=84.14.046,,Wash. Rev. Code § 84.14.046,84.14,Unknown,2026-04-01,"print rcws > title 84 > chapter 84.14 > section 84.14.046 the citation you requested cannot be found. please verify that you have a valid rcw citation and try again or look in the rcw dispositions for rcw sections that have been repealed, expired, decodified, or recodified.",community land trust,Low,,Definition of CLT,cd6f912c96acc1725e097644fa9f3485ff64b793a3bc4e8fb3cc5421a11647a1,,,
WA,code site,https://app.leg.wa.gov/rcw/default.aspx?cite=84.14.047,,Wash. Rev. Code § 84.14.047,84.14,Unknown,2026-04-01,"print rcws > title 84 > chapter 84.14 > section 84.14.047 the citation you requested cannot be found. please verify that you have a valid rcw citation and try again or look in the rcw dispositions for rcw sections that have been repealed, expired, decodified, or recodified.",community land trust,Low,,Definition of CLT,2ddab3c6af4ca5b0b67d1962d8269282e940ccf332e644a41ffdb0ccca99c37f,,,
WA,code site,https://app.leg.wa.gov/rcw/default.aspx?cite=84.14.048,,Wash. Rev. Code § 84.14.048,84.14,Unknown,2026-04-01,"print rcws > title 84 > chapter 84.14 > section 84.14.048 the citation you requested cannot be found. please verify that you have a valid rcw citation and try again or look in the rcw dispositions for rcw sections that have been repealed, expired, decodified, or recodified.",community land trust,Low,,Definition of CLT,91d9682893250bde0ebf699f4fa935ab6c6964fe12bfb0071223c63c1c09ae6d,,,
WA,code site,https://app.leg.wa.gov/rcw/default.aspx?cite=84.14.049,,Wash. Rev. Code § 84.14.049,84.14,Unknown,2026-04-01,"print rcws > title 84 > chapter 84.14 > section 84.14.049 the citation you requested cannot be found. please verify that you have a valid rcw citation and try again or look in the rcw dispositions for rcw sections that have been repealed, expired, decodified, or recodified.",community land trust,Low,,Definition of CLT,bd1b44f7623c7f3dde69d19d0f6484178d0a3fb65ea8e393f42bff81c4c63664,,,
WA,code site,https://app.leg.wa.gov/rcw/default.aspx?cite=84.14.050,RCW 84.14.050: Application—Procedures.,Wash. Rev. Code § 84.14.050,84.14,Unknown,2026-04-01,rcw 84.14.050: application—procedures. print rcws > title 84 > chapter 84.14 > section 84.14.050 84.14.040 << 84.14.050 >> 84.14.060 pdf rcw 84.14.050 application — procedures. an owner of property seeking tax incentives under this chapter must complete the following procedures: (1) in the case of r,community land trust,Low,,Definition of CLT,9053a6647e163d8390c1f3e5b4da437361ea9b8593b329289eece516179c4a85,,,
WA,code site,https://app.leg.wa.gov/rcw/default.aspx?cite=35.21.800,"RCW 35.21.800: Foreign trade zones—Legislative finding, intent.",Wash. Rev. Code § 35.21.800,35.21,Unknown,2026-04-01,"rcw 35.21.800: foreign trade zones—legislative finding, intent. print rcws > title 35 > chapter 35.21 > section 35.21.800 35.21.790 << 35.21.800 >> 35.21.805 pdf rcw 35.21.800 foreign trade zones — legislative finding, intent. it is the finding of the legislature that foreign trade zones serve an im",community land trust,Low,,Definition of CLT,c3621ba8f947aa61e7317be43a6025db0f6e94e04598cd4f55dddc085259ffad,,,
WA,code site,https://app.leg.wa.gov/rcw/default.aspx?cite=35.21.801,,Wash. Rev. Code § 35.21.801,35.21,Unknown,2026-04-01,"print rcws > title 35 > chapter 35.21 > section 35.21.801 the citation you requested cannot be found. please verify that you have a valid rcw citation and try again or look in the rcw dispositions for rcw sections that have been repealed, expired, decodified, or recodified.",community land trust,Low,,Definition of CLT,c2de5c0e6b5cee874a6f6ae613954b1d911db42575986d3d7dc54bc0e29f068a,,,
WA,code site,https://app.leg.wa.gov/rcw/default.aspx?cite=35.21.802,,Wash. Rev. Code § 35.21.802,35.21,Unknown,2026-04-01,"print rcws > title 35 > chapter 35.21 > section 35.21.802 the citation you requested cannot be found. please verify that you have a valid rcw citation and try again or look in the rcw dispositions for rcw sections that have been repealed, expired, decodified, or recodified.",community land trust,Low,,Definition of CLT,af7149b4c8de6af607a1947e5b2804fa9a9e4a3eacb9f2fe2a98509bd43f14a5,,,
WA,code site,https://app.leg.wa.gov/rcw/default.aspx?cite=35.21.803,,Wash. Rev. Code § 35.21.803,35.21,Unknown,2026-04-01,"print rcws > title 35 > chapter 35.21 > section 35.21.803 the citation you requested cannot be found. please verify that you have a valid rcw citation and try again or look in the rcw dispositions for rcw sections that have been repealed, expired, decodified, or recodified.",community land trust,Low,,Definition of CLT,432a75dd9db21182f33dcb1e4f56cb1096bd7d36ed49c661be75b1bdd2e403ca,,,
WA,code site,https://app.leg.wa.gov/rcw/default.aspx?cite=35.21.804,,Wash. Rev. Code § 35.21.804,35.21,Unknown,2026-04-01,"print rcws > title 35 > chapter 35.21 > section 35.21.804 the citation you requested cannot be found. please verify that you have a valid rcw citation and try again or look in the rcw dispositions for rcw sections that have been repealed, expired, decodified, or recodified.",community land trust,Low,,Definition of CLT,d38b2adffe6722dbaa1aa2d451d3bb97fa64ab5e4f916555bf764525b57fa96c,,,
WA,code site,https://app.leg.wa.gov/rcw/default.aspx?cite=35.21.805,"RCW 35.21.805: Foreign trade zones—Authority to apply for permission to establish, operate and maintain.",Wash. Rev. Code § 35.21.805,35.21,Unknown,2026-04-01,"rcw 35.21.805: foreign trade zones—authority to apply for permission to establish, operate and maintain. print rcws > title 35 > chapter 35.21 > section 35.21.805 35.21.800 << 35.21.805 >> 35.21.810 pdf rcw 35.21.805 foreign trade zones — authority to apply for permission to establish, operate and m",community land trust,Low,,Definition of CLT,e5e4614a21ac294d6399a700d19eb4cfcffa1d8d0d95da3072a302ed8b5e3d64,,,
WA,code site,https://app.leg.wa.gov/rcw/default.aspx?cite=35.21.806,,Wash. Rev. Code § 35.21.806,35.21,Unknown,2026-04-01,"print rcws > title 35 > chapter 35.21 > section 35.21.806 the citation you requested cannot be found. please verify that you have a valid rcw citation and try again or look in the rcw dispositions for rcw sections that have been repealed, expired, decodified, or recodified.",community land trust,Low,,Definition of CLT,01544f7d46e2e3d83cd27ebc449388ac818c50d626c1cc61720db261a63103af,,,
WA,code site,https://app.leg.wa.gov/rcw/default.aspx?cite=35.21.807,,Wash. Rev. Code § 35.21.807,35.21,Unknown,2026-04-01,"print rcws > title 35 > chapter 35.21 > section 35.21.807 the citation you requested cannot be found. please verify that you have a valid rcw citation and try again or look in the rcw dispositions for rcw sections that have been repealed, expired, decodified, or recodified.",community land trust,Low,,Definition of CLT,49917f3449f9080208df07c32afe3ed579f8c602aa7e06c5be96cf16f7cfafa9,,,
WA,code site,https://app.leg.wa.gov/rcw/default.aspx?cite=35.21.808,,Wash. Rev. Code § 35.21.808,35.21,Unknown,2026-04-01,"print rcws > title 35 > chapter 35.21 > section 35.21.808 the citation you requested cannot be found. please verify that you have a valid rcw citation and try again or look in the rcw dispositions for rcw sections that have been repealed, expired, decodified, or recodified.",community land trust,Low,,Definition of CLT,5c5d2a009a1e27b32029c689fff21d72abdff65e6004af23527de629f3bc5dca,,,
WA,code site,https://app.leg.wa.gov/rcw/default.aspx?cite=35.21.809,,Wash. Rev. Code § 35.21.809,35.21,Unknown,2026-04-01,"print rcws > title 35 > chapter 35.21 > section 35.21.809 the citation you requested cannot be found. please verify that you have a valid rcw citation and try again or look in the rcw dispositions for rcw sections that have been repealed, expired, decodified, or recodified.",community land trust,Low,,Definition of CLT,c94d43efcaf2eae580a28a863c836c750586f4518577d4ae843f0e0ff0dcbd62,,,
WA,code site,https://app.leg.wa.gov/rcw/default.aspx?cite=35.21.810,RCW 35.21.810: Hydroplane races—Providing for restrooms and other services in public parks for spectators—Admission fees—Authorized.,Wash. Rev. Code § 35.21.810,35.21,Unknown,2026-04-01,rcw 35.21.810: hydroplane races—providing for restrooms and other services in public parks for spectators—admission fees—authorized. print rcws > title 35 > chapter 35.21 > section 35.21.810 35.21.805 << 35.21.810 >> 35.21.815 pdf rcw 35.21.810 hydroplane races — providing for restrooms and other se,community land trust,Low,,Definition of CLT,700f80a2f9b548f22e9db370018a9284fcfeaede0d38f865dc77affdcc521929,,,
WA,code site,https://app.leg.wa.gov/rcw/default.aspx?cite=35.21.811,,Wash. Rev. Code § 35.21.811,35.21,Unknown,2026-04-01,"print rcws > title 35 > chapter 35.21 > section 35.21.811 the citation you requested cannot be found. please verify that you have a valid rcw citation and try again or look in the rcw dispositions for rcw sections that have been repealed, expired, decodified, or recodified.",community land trust,Low,,Definition of CLT,b5fe44c30c8be611d40bedc2b1972a74fd4e810bd7fbbed08476cb280cd0ba90,,,
WA,code site,https://app.leg.wa.gov/rcw/default.aspx?cite=35.21.812,,Wash. Rev. Code § 35.21.812,35.21,Unknown,2026-04-01,"print rcws > title 35 > chapter 35.21 > section 35.21.812 the citation you requested cannot be found. please verify that you have a valid rcw citation and try again or look in the rcw dispositions for rcw sections that have been repealed, expired, decodified, or recodified.",community land trust,Low,,Definition of CLT,860f8cc909eeb56776df6305d850a5f7887264ec5fe0d4e435d073ca54bc7b1f,,,
WA,code site,https://app.leg.wa.gov/rcw/default.aspx?cite=35.21.813,,Wash. Rev. Code § 35.21.813,35.21,Unknown,2026-04-01,"print rcws > title 35 > chapter 35.21 > section 35.21.813 the citation you requested cannot be found. please verify that you have a valid rcw citation and try again or look in the rcw dispositions for rcw sections that have been repealed, expired, decodified, or recodified.",community land trust,Low,,Definition of CLT,31dbed66cc0a21e095081c20e49c979e4ee333db795480bbc0f0ed2bee608a3d,,,
WA,code site,https://app.leg.wa.gov/rcw/default.aspx?cite=35.21.814,,Wash. Rev. Code § 35.21.814,35.21,Unknown,2026-04-01,"print rcws > title 35 > chapter 35.21 > section 35.21.814 the citation you requested cannot be found. please verify that you have a valid rcw citation and try again or look in the rcw dispositions for rcw sections that have been repealed, expired, decodified, or recodified.",community land trust,Low,,Definition of CLT,cb4d4325b4a51ea1a432c3302c4d0bda3f106c5e3f79595db566f2d94f738d7b,,,
WA,code site,https://app.leg.wa.gov/rcw/default.aspx?cite=35.21.815,RCW 35.21.815: Hydroplane races—Levying of admission charges declared public park purpose—Reversion prohibited.,Wash. Rev. Code § 35.21.815,35.21,Unknown,2026-04-01,rcw 35.21.815: hydroplane races—levying of admission charges declared public park purpose—reversion prohibited. print rcws > title 35 > chapter 35.21 > section 35.21.815 35.21.810 << 35.21.815 >> 35.21.820 pdf rcw 35.21.815 hydroplane races — levying of admission charges declared public park purpose,community land trust,Low,,Definition of CLT,b6a3ee2a3069fb9d52e1937110769c5b14671ecb358596b6073040bd9c4cd74c,,,
WA,code site,https://app.leg.wa.gov/rcw/default.aspx?cite=35.21.816,,Wash. Rev. Code § 35.21.816,35.21,Unknown,2026-04-01,"print rcws > title 35 > chapter 35.21 > section 35.21.816 the citation you requested cannot be found. please verify that you have a valid rcw citation and try again or look in the rcw dispositions for rcw sections that have been repealed, expired, decodified, or recodified.",community land trust,Low,,Definition of CLT,cee69049104bc50a380c8e22f44578d3f23937cf0cdd1b6d5a844a2e3c75d94b,,,
WA,code site,https://app.leg.wa.gov/rcw/default.aspx?cite=35.21.817,,Wash. Rev. Code § 35.21.817,35.21,Unknown,2026-04-01,"print rcws > title 35 > chapter 35.21 > section 35.21.817 the citation you requested cannot be found. please verify that you have a valid rcw citation and try again or look in the rcw dispositions for rcw sections that have been repealed, expired, decodified, or recodified.",community land trust,Low,,Definition of CLT,febfdfe2aeac49663944956685b7b06409ad3abc142ca8714040a3cbce8b8428,,,
WA,code site,https://app.leg.wa.gov/rcw/default.aspx?cite=35.21.818,,Wash. Rev. Code § 35.21.818,35.21,Unknown,2026-04-01,"print rcws > title 35 > chapter 35.21 > section 35.21.818 the citation you requested cannot be found. please verify that you have a valid rcw citation and try again or look in the rcw dispositions for rcw sections that have been repealed, expired, decodified, or recodified.",community land trust,Low,,Definition of CLT,21576f1524e8b8cefcdc6cb4287227e1db5959e7c77aa20344204b3ef2801c2c,,,
WA,code site,https://app.leg.wa.gov/rcw/default.aspx?cite=35.21.819,,Wash. Rev. Code § 35.21.819,35.21,Unknown,2026-04-01,"print rcws > title 35 > chapter 35.21 > section 35.21.819 the citation you requested cannot be found. please verify that you have a valid rcw citation and try again or look in the rcw dispositions for rcw sections that have been repealed, expired, decodified, or recodified.",community land trust,Low,,Definition of CLT,271ef1590825d77e53ed7d4c162ae8763e6eb9d57246542c144df63fa0edacc2,,,
WA,code site,https://app.leg.wa.gov/rcw/default.aspx?cite=35.21.820,RCW 35.21.820: Acquisition and disposal of vehicles for commuter ride sharing by city employees.,Wash. Rev. Code § 35.21.820,35.21,Unknown,2026-04-01,rcw 35.21.820: acquisition and disposal of vehicles for commuter ride sharing by city employees. print rcws > title 35 > chapter 35.21 > section 35.21.820 35.21.815 << 35.21.820 >> 35.21.830 pdf rcw 35.21.820 acquisition and disposal of vehicles for commuter ride sharing by city employees. the power,community land trust,Low,,Definition of CLT,ed1ea84798ae6e71a4a0dbf20c26bf04b06432094904dedf9ee10e48e36d1b5d,,,
WA,code site,https://app.leg.wa.gov/rcw/default.aspx?cite=35.21.821,,Wash. Rev. Code § 35.21.821,35.21,Unknown,2026-04-01,"print rcws > title 35 > chapter 35.21 > section 35.21.821 the citation you requested cannot be found. please verify that you have a valid rcw citation and try again or look in the rcw dispositions for rcw sections that have been repealed, expired, decodified, or recodified.",community land trust,Low,,Definition of CLT,c3f7e725c75ec3761c74c301b3b050bafc37a69f49ec014f9cf6c7e3e3c67ff8,,,
WA,code site,https://app.leg.wa.gov/rcw/default.aspx?cite=35.21.822,,Wash. Rev. Code § 35.21.822,35.21,Unknown,2026-04-01,"print rcws > title 35 > chapter 35.21 > section 35.21.822 the citation you requested cannot be found. please verify that you have a valid rcw citation and try again or look in the rcw dispositions for rcw sections that have been repealed, expired, decodified, or recodified.",community land trust,Low,,Definition of CLT,066d2e614d0cc058be5b49fb9e937c582f0f192ab2ae89406df94c2a6fdc7c73,,,
WA,code site,https://app.leg.wa.gov/rcw/default.aspx?cite=35.21.823,,Wash. Rev. Code § 35.21.823,35.21,Unknown,2026-04-01,"print rcws > title 35 > chapter 35.21 > section 35.21.823 the citation you requested cannot be found. please verify that you have a valid rcw citation and try again or look in the rcw dispositions for rcw sections that have been repealed, expired, decodified, or recodified.",community land trust,Low,,Definition of CLT,dcc306bdaaecbcd336d900977d73a063f844c7fa051192922cda443e97c6d6df,,,
WA,code site,https://app.leg.wa.gov/rcw/default.aspx?cite=35.21.824,,Wash. Rev. Code § 35.21.824,35.21,Unknown,2026-04-01,"print rcws > title 35 > chapter 35.21 > section 35.21.824 the citation you requested cannot be found. please verify that you have a valid rcw citation and try again or look in the rcw dispositions for rcw sections that have been repealed, expired, decodified, or recodified.",community land trust,Low,,Definition of CLT,37db5a25828b3284cf896e2dbfb42ebaea952c04ee75780ecef9a4c9d53dab34,,,
WA,code site,https://app.leg.wa.gov/rcw/default.aspx?cite=35.21.825,,Wash. Rev. Code § 35.21.825,35.21,Unknown,2026-04-01,"print rcws > title 35 > chapter 35.21 > section 35.21.825 the citation you requested cannot be found. please verify that you have a valid rcw citation and try again or look in the rcw dispositions for rcw sections that have been repealed, expired, decodified, or recodified.",community land trust,Low,,Definition of CLT,05300f3ee57208b6076f091cecc45a766aa06bf1db1e8833fa88a08b65056e69,,,
WA,code site,https://app.leg.wa.gov/rcw/default.aspx?cite=35.21.826,,Wash. Rev. Code § 35.21.826,35.21,Unknown,2026-04-01,"print rcws > title 35 > chapter 35.21 > section 35.21.826 the citation you requested cannot be found. please verify that you have a valid rcw citation and try again or look in the rcw dispositions for rcw sections that have been repealed, expired, decodified, or recodified.",community land trust,Low,,Definition of CLT,a7a7942e107f6bc36c37867533aa040a0f1402358ae288549af1057e36db066b,,,
WA,code site,https://app.leg.wa.gov/rcw/default.aspx?cite=35.21.827,,Wash. Rev. Code § 35.21.827,35.21,Unknown,2026-04-01,"print rcws > title 35 > chapter 35.21 > section 35.21.827 the citation you requested cannot be found. please verify that you have a valid rcw citation and try again or look in the rcw dispositions for rcw sections that have been repealed, expired, decodified, or recodified.",community land trust,Low,,Definition of CLT,08d90c74ec5a2676525c6c1540c94b49ff744d07bfffe2f489327208dab4ffbf,,,
WA,code site,https://app.leg.wa.gov/rcw/default.aspx?cite=35.21.828,,Wash. Rev. Code § 35.21.828,35.21,Unknown,2026-04-01,"print rcws > title 35 > chapter 35.21 > section 35.21.828 the citation you requested cannot be found. please verify that you have a valid rcw citation and try again or look in the rcw dispositions for rcw sections that have been repealed, expired, decodified, or recodified.",community land trust,Low,,Definition of CLT,ef2176107713b39935dfc66bfc4b83dbf40f662ebb9046ef861d0e195c1c685e,,,
WA,code site,https://app.leg.wa.gov/rcw/default.aspx?cite=35.21.829,,Wash. Rev. Code § 35.21.829,35.21,Unknown,2026-04-01,"print rcws > title 35 > chapter 35.21 > section 35.21.829 the citation you requested cannot be found. please verify that you have a valid rcw citation and try again or look in the rcw dispositions for rcw sections that have been repealed, expired, decodified, or recodified.",community land trust,Low,,Definition of CLT,3ca7623a1738331a6c366cd1739591503f9f37b37975546d55a9843c48756284,,,
WA,code site,https://app.leg.wa.gov/rcw/default.aspx?cite=35.21.830,RCW 35.21.830: Controls on rent for residential structures—Prohibited—Exceptions.,Wash. Rev. Code § 35.21.830,35.21,Unknown,2026-04-01,rcw 35.21.830: controls on rent for residential structures—prohibited—exceptions. print rcws > title 35 > chapter 35.21 > section 35.21.830 35.21.820 << 35.21.830 >> 35.21.840 pdf rcw 35.21.830 controls on rent for residential structures — prohibited — exceptions. the imposition of controls on rent ,community land trust,Low,,Definition of CLT,5425f882b942add61ec6e5720452afa7d1089e39b917a6962db947c5335440a4,,,
WA,code site,https://app.leg.wa.gov/rcw/default.aspx?cite=35.21.831,,Wash. Rev. Code § 35.21.831,35.21,Unknown,2026-04-01,"print rcws > title 35 > chapter 35.21 > section 35.21.831 the citation you requested cannot be found. please verify that you have a valid rcw citation and try again or look in the rcw dispositions for rcw sections that have been repealed, expired, decodified, or recodified.",community land trust,Low,,Definition of CLT,85269a3c80436390a3fdfa83727bf64d84105161de99bee4a0b872098eb5f3bb,,,
WA,code site,https://app.leg.wa.gov/rcw/default.aspx?cite=35.21.832,,Wash. Rev. Code § 35.21.832,35.21,Unknown,2026-04-01,"print rcws > title 35 > chapter 35.21 > section 35.21.832 the citation you requested cannot be found. please verify that you have a valid rcw citation and try again or look in the rcw dispositions for rcw sections that have been repealed, expired, decodified, or recodified.",community land trust,Low,,Definition of CLT,340ed1aeab36e2e9bdf537f7a938fa35f274238afa8312c161b924cb6ffc62e7,,,
WA,code site,https://app.leg.wa.gov/rcw/default.aspx?cite=35.21.833,,Wash. Rev. Code § 35.21.833,35.21,Unknown,2026-04-01,"print rcws > title 35 > chapter 35.21 > section 35.21.833 the citation you requested cannot be found. please verify that you have a valid rcw citation and try again or look in the rcw dispositions for rcw sections that have been repealed, expired, decodified, or recodified.",community land trust,Low,,Definition of CLT,668199f22dbbe5998fbf433607fe6ae319671337491c0aafb8a49d08f79f4780,,,
WA,code site,https://app.leg.wa.gov/rcw/default.aspx?cite=35.21.834,,Wash. Rev. Code § 35.21.834,35.21,Unknown,2026-04-01,"print rcws > title 35 > chapter 35.21 > section 35.21.834 the citation you requested cannot be found. please verify that you have a valid rcw citation and try again or look in the rcw dispositions for rcw sections that have been repealed, expired, decodified, or recodified.",community land trust,Low,,Definition of CLT,038c72df19b2dac41ce7ca06784ed126f95a52b78e3f8e2730e2c0635162c898,,,
WA,code site,https://app.leg.wa.gov/rcw/default.aspx?cite=35.21.835,,Wash. Rev. Code § 35.21.835,35.21,Unknown,2026-04-01,"print rcws > title 35 > chapter 35.21 > section 35.21.835 the citation you requested cannot be found. please verify that you have a valid rcw citation and try again or look in the rcw dispositions for rcw sections that have been repealed, expired, decodified, or recodified.",community land trust,Low,,Definition of CLT,4a5a8cf6352b84e726d8c6aa5520ccf2b6b6cf9fa538b009d5e6465adff5e028,,,
WA,code site,https://app.leg.wa.gov/rcw/default.aspx?cite=35.21.836,,Wash. Rev. Code § 35.21.836,35.21,Unknown,2026-04-01,"print rcws > title 35 > chapter 35.21 > section 35.21.836 the citation you requested cannot be found. please verify that you have a valid rcw citation and try again or look in the rcw dispositions for rcw sections that have been repealed, expired, decodified, or recodified.",community land trust,Low,,Definition of CLT,ec0ac54ee208a11b7a3e7d069118502cb9f42dacf50f3e78ff7bc77e40f10978,,,
WA,code site,https://app.leg.wa.gov/rcw/default.aspx?cite=35.21.837,,Wash. Rev. Code § 35.21.837,35.21,Unknown,2026-04-01,"print rcws > title 35 > chapter 35.21 > section 35.21.837 the citation you requested cannot be found. please verify that you have a valid rcw citation and try again or look in the rcw dispositions for rcw sections that have been repealed, expired, decodified, or recodified.",community land trust,Low,,Definition of CLT,01021b4a697485f54c5b8328198978a81c28bd2b4966ea00f4001f6c1f89ef09,,,
WA,code site,https://app.leg.wa.gov/rcw/default.aspx?cite=35.21.838,,Wash. Rev. Code § 35.21.838,35.21,Unknown,2026-04-01,"print rcws > title 35 > chapter 35.21 > section 35.21.838 the citation you requested cannot be found. please verify that you have a valid rcw citation and try again or look in the rcw dispositions for rcw sections that have been repealed, expired, decodified, or recodified.",community land trust,Low,,Definition of CLT,4feca05b28ec72ceb2107b837b23ecca2f0c53158b694787cf6f090541ef9d88,,,
WA,code site,https://app.leg.wa.gov/rcw/default.aspx?cite=35.21.839,,Wash. Rev. Code § 35.21.839,35.21,Unknown,2026-04-01,"print rcws > title 35 > chapter 35.21 > section 35.21.839 the citation you requested cannot be found. please verify that you have a valid rcw citation and try again or look in the rcw dispositions for rcw sections that have been repealed, expired, decodified, or recodified.",community land trust,Low,,Definition of CLT,432f56c8dce54ab727e9f53662a1dd8dc4ced7f12d5b736dd6ce96be93635baa,,,
WA,code site,https://app.leg.wa.gov/rcw/default.aspx?cite=35.21.840,RCW 35.21.840: Taxation of motor carriers of freight for hire—Allocation of gross receipts.,Wash. Rev. Code § 35.21.840,35.21,Unknown,2026-04-01,rcw 35.21.840: taxation of motor carriers of freight for hire—allocation of gross receipts. print rcws > title 35 > chapter 35.21 > section 35.21.840 35.21.830 << 35.21.840 >> 35.21.845 pdf rcw 35.21.840 taxation of motor carriers of freight for hire — allocation of gross receipts. the following pri,community land trust,Low,,Standards for Tax Assessments/Guidance,4a503c725e11edc9f2fe9fff602f0fc4637f636d60eddfa1c1067c309b8d2874,,,
WA,code site,https://app.leg.wa.gov/rcw/default.aspx?cite=35.21.841,,Wash. Rev. Code § 35.21.841,35.21,Unknown,2026-04-01,"print rcws > title 35 > chapter 35.21 > section 35.21.841 the citation you requested cannot be found. please verify that you have a valid rcw citation and try again or look in the rcw dispositions for rcw sections that have been repealed, expired, decodified, or recodified.",community land trust,Low,,Definition of CLT,693a960fc8333ad80a1e67702fb36ca63da59af3200ded229d651bd82649de91,,,
WA,code site,https://app.leg.wa.gov/rcw/default.aspx?cite=35.21.842,,Wash. Rev. Code § 35.21.842,35.21,Unknown,2026-04-01,"print rcws > title 35 > chapter 35.21 > section 35.21.842 the citation you requested cannot be found. please verify that you have a valid rcw citation and try again or look in the rcw dispositions for rcw sections that have been repealed, expired, decodified, or recodified.",community land trust,Low,,Definition of CLT,5e5a2cae8a56d6e035292138a9df2e566b435ca7aa35c5688df69489fdc0ce8d,,,
WA,code site,https://app.leg.wa.gov/rcw/default.aspx?cite=35.21.843,,Wash. Rev. Code § 35.21.843,35.21,Unknown,2026-04-01,"print rcws > title 35 > chapter 35.21 > section 35.21.843 the citation you requested cannot be found. please verify that you have a valid rcw citation and try again or look in the rcw dispositions for rcw sections that have been repealed, expired, decodified, or recodified.",community land trust,Low,,Definition of CLT,6c29e24c9a3e239d126981653ea11171afb58e85ba92974635988f93b21b0ed8,,,
WA,code site,https://app.leg.wa.gov/rcw/default.aspx?cite=35.21.844,,Wash. Rev. Code § 35.21.844,35.21,Unknown,2026-04-01,"print rcws > title 35 > chapter 35.21 > section 35.21.844 the citation you requested cannot be found. please verify that you have a valid rcw citation and try again or look in the rcw dispositions for rcw sections that have been repealed, expired, decodified, or recodified.",community land trust,Low,,Definition of CLT,027f6d06b5a05afffbc39ff8378bfb42efc082b99af9a31b677e13eacb4cd826,,,
WA,code site,https://app.leg.wa.gov/rcw/default.aspx?cite=35.21.845,RCW 35.21.845: Taxation of motor carriers of freight for hire—Tax allocation formula.,Wash. Rev. Code § 35.21.845,35.21,Unknown,2026-04-01,rcw 35.21.845: taxation of motor carriers of freight for hire—tax allocation formula. print rcws > title 35 > chapter 35.21 > section 35.21.845 35.21.840 << 35.21.845 >> 35.21.850 pdf rcw 35.21.845 taxation of motor carriers of freight for hire — tax allocation formula. a motor carrier of freight fo,community land trust,Low,,Standards for Tax Assessments/Guidance,d7132cbfcb5ad2694329fbb5d9841671fd6ee9813c88615be2bc5154301ca2fd,,,
WA,code site,https://app.leg.wa.gov/rcw/default.aspx?cite=35.21.846,,Wash. Rev. Code § 35.21.846,35.21,Unknown,2026-04-01,"print rcws > title 35 > chapter 35.21 > section 35.21.846 the citation you requested cannot be found. please verify that you have a valid rcw citation and try again or look in the rcw dispositions for rcw sections that have been repealed, expired, decodified, or recodified.",community land trust,Low,,Definition of CLT,7f0aa1f131744b54092e77d277d7f6bc1540aaee95b4752c59405b15cb5d1e5b,,,
WA,code site,https://app.leg.wa.gov/rcw/default.aspx?cite=35.21.847,,Wash. Rev. Code § 35.21.847,35.21,Unknown,2026-04-01,"print rcws > title 35 > chapter 35.21 > section 35.21.847 the citation you requested cannot be found. please verify that you have a valid rcw citation and try again or look in the rcw dispositions for rcw sections that have been repealed, expired, decodified, or recodified.",community land trust,Low,,Definition of CLT,06beb7a67e8af8811598ebc04f932863b3e28034d484907a04ccbbeec6c805c2,,,
WA,code site,https://app.leg.wa.gov/rcw/default.aspx?cite=35.21.848,,Wash. Rev. Code § 35.21.848,35.21,Unknown,2026-04-01,"print rcws > title 35 > chapter 35.21 > section 35.21.848 the citation you requested cannot be found. please verify that you have a valid rcw citation and try again or look in the rcw dispositions for rcw sections that have been repealed, expired, decodified, or recodified.",community land trust,Low,,Definition of CLT,4906e555e1cd185ccb7b4b55c0c6646981fce8becdb4f237320c53856459d238,,,
WA,code site,https://app.leg.wa.gov/rcw/default.aspx?cite=35.21.849,,Wash. Rev. Code § 35.21.849,35.21,Unknown,2026-04-01,"print rcws > title 35 > chapter 35.21 > section 35.21.849 the citation you requested cannot be found. please verify that you have a valid rcw citation and try again or look in the rcw dispositions for rcw sections that have been repealed, expired, decodified, or recodified.",community land trust,Low,,Definition of CLT,3b6765aa3b52a4a65e762207fe61848b841d71465462b65528366f74a7f9e5ec,,,
WA,code site,https://app.leg.wa.gov/rcw/default.aspx?cite=35.21.850,RCW 35.21.850: Taxation of motor carriers of freight for hire—Limitation—Exceptions.,Wash. Rev. Code § 35.21.850,35.21,Unknown,2026-04-01,rcw 35.21.850: taxation of motor carriers of freight for hire—limitation—exceptions. print rcws > title 35 > chapter 35.21 > section 35.21.850 35.21.845 << 35.21.850 >> 35.21.851 pdf rcw 35.21.850 taxation of motor carriers of freight for hire — limitation — exceptions. no demand for a fee or tax or,community land trust,Low,,Standards for Tax Assessments/Guidance,66ddc0a5ca26f2331a2d3fc870caa5a11b64718e411375f3b999b21993e9d93b,,,
WA,code site,https://app.leg.wa.gov/rcw/default.aspx?cite=36.70A.500,RCW 36.70A.500: Growth management planning and environmental review fund—Awarding of grant or loan—Procedures.,Wash. Rev. Code § 36.70A.500,36.70A,Unknown,2026-04-01,rcw 36.70a.500: growth management planning and environmental review fund—awarding of grant or loan—procedures. print rcws > title 36 > chapter 36.70a > section 36.70a.500 36.70a.490 << 36.70a.500 >> 36.70a.510 pdf rcw 36.70a.500 growth management planning and environmental review fund — awarding of ,community land trust,Low,,Definition of CLT,33a2dae958433a8725f8632aec0aec8c449e01563eb7f2adeb19c0b7aecb4d58,,,
WA,code site,https://app.leg.wa.gov/rcw/default.aspx?cite=36.70A.501,,Wash. Rev. Code § 36.70A.501,36.70A,Unknown,2026-04-01,"print rcws > title 36 > chapter 36.70a > section 36.70a.501 the citation you requested cannot be found. please verify that you have a valid rcw citation and try again or look in the rcw dispositions for rcw sections that have been repealed, expired, decodified, or recodified.",community land trust,Low,,Definition of CLT,fb421a3a1580281cfdd4a76d10f32d4b37ba247a0fbf849f8ca13458147d4a1d,,,
WA,code site,https://app.leg.wa.gov/rcw/default.aspx?cite=36.70A.502,,Wash. Rev. Code § 36.70A.502,36.70A,Unknown,2026-04-01,"print rcws > title 36 > chapter 36.70a > section 36.70a.502 the citation you requested cannot be found. please verify that you have a valid rcw citation and try again or look in the rcw dispositions for rcw sections that have been repealed, expired, decodified, or recodified.",community land trust,Low,,Definition of CLT,5f79888697d2d582b76ae97979a58096d2f1e14622e7e60d36c77d9d611d010d,,,
WA,code site,https://app.leg.wa.gov/rcw/default.aspx?cite=36.70A.503,,Wash. Rev. Code § 36.70A.503,36.70A,Unknown,2026-04-01,"print rcws > title 36 > chapter 36.70a > section 36.70a.503 the citation you requested cannot be found. please verify that you have a valid rcw citation and try again or look in the rcw dispositions for rcw sections that have been repealed, expired, decodified, or recodified.",community land trust,Low,,Definition of CLT,4d80dc5b3642f0749a0ee97ce4beaca68552bc0f1cc94912e22c24d3a3110c6f,,,
WA,code site,https://app.leg.wa.gov/rcw/default.aspx?cite=36.70A.504,,Wash. Rev. Code § 36.70A.504,36.70A,Unknown,2026-04-01,"print rcws > title 36 > chapter 36.70a > section 36.70a.504 the citation you requested cannot be found. please verify that you have a valid rcw citation and try again or look in the rcw dispositions for rcw sections that have been repealed, expired, decodified, or recodified.",community land trust,Low,,Definition of CLT,51df7ed4b1796d23d0606c1045232c52aff1a4fee5c31346abbbb30dcd3f41a4,,,
WA,code site,https://app.leg.wa.gov/rcw/default.aspx?cite=36.70A.505,,Wash. Rev. Code § 36.70A.505,36.70A,Unknown,2026-04-01,"print rcws > title 36 > chapter 36.70a > section 36.70a.505 the citation you requested cannot be found. please verify that you have a valid rcw citation and try again or look in the rcw dispositions for rcw sections that have been repealed, expired, decodified, or recodified.",community land trust,Low,,Definition of CLT,36b41a8445d4fe9eb50d6470767d71146c3cc4522dbcc6a7630212242c4175f0,,,
WA,code site,https://app.leg.wa.gov/rcw/default.aspx?cite=36.70A.506,,Wash. Rev. Code § 36.70A.506,36.70A,Unknown,2026-04-01,"print rcws > title 36 > chapter 36.70a > section 36.70a.506 the citation you requested cannot be found. please verify that you have a valid rcw citation and try again or look in the rcw dispositions for rcw sections that have been repealed, expired, decodified, or recodified.",community land trust,Low,,Definition of CLT,9d0e71a7176e07dfed86be88e3a4259ef59cce1c2677b322254f182f8b9627b0,,,
WA,code site,https://app.leg.wa.gov/rcw/default.aspx?cite=36.70A.507,,Wash. Rev. Code § 36.70A.507,36.70A,Unknown,2026-04-01,"print rcws > title 36 > chapter 36.70a > section 36.70a.507 the citation you requested cannot be found. please verify that you have a valid rcw citation and try again or look in the rcw dispositions for rcw sections that have been repealed, expired, decodified, or recodified.",community land trust,Low,,Definition of CLT,d981362979e1de17e2b83e6c25edc4501e033a913cf35d6a6457fff8bed69151,,,
WA,code site,https://app.leg.wa.gov/rcw/default.aspx?cite=36.70A.508,,Wash. Rev. Code § 36.70A.508,36.70A,Unknown,2026-04-01,"print rcws > title 36 > chapter 36.70a > section 36.70a.508 the citation you requested cannot be found. please verify that you have a valid rcw citation and try again or look in the rcw dispositions for rcw sections that have been repealed, expired, decodified, or recodified.",community land trust,Low,,Definition of CLT,03e53c7d616c9f95f68bcc68a6d6e4a623195a6162b5c45100b6b6f46fdf03d2,,,
WA,code site,https://app.leg.wa.gov/rcw/default.aspx?cite=36.70A.509,,Wash. Rev. Code § 36.70A.509,36.70A,Unknown,2026-04-01,"print rcws > title 36 > chapter 36.70a > section 36.70a.509 the citation you requested cannot be found. please verify that you have a valid rcw citation and try again or look in the rcw dispositions for rcw sections that have been repealed, expired, decodified, or recodified.",community land trust,Low,,Definition of CLT,3a104fa9839cedf088e9bb4cf414fb84d707882bbef867d86666d73e3080cd79,,,
WA,code site,https://app.leg.wa.gov/rcw/default.aspx?cite=36.70A.510,RCW 36.70A.510: General aviation airports.,Wash. Rev. Code § 36.70A.510,36.70A,Unknown,2026-04-01,rcw 36.70a.510: general aviation airports. print rcws > title 36 > chapter 36.70a > section 36.70a.510 36.70a.500 << 36.70a.510 >> 36.70a.520 pdf rcw 36.70a.510 general aviation airports. adoption and amendment of comprehensive plan provisions and development regulations under this chapter affecting,community land trust,Low,,Definition of CLT,eb9cc70fb708481d43b71a3bdd7fed09f577080a2ebae4ae6a93557215aa9841,,,
WA,code site,https://app.leg.wa.gov/rcw/default.aspx?cite=36.70A.511,,Wash. Rev. Code § 36.70A.511,36.70A,Unknown,2026-04-01,"print rcws > title 36 > chapter 36.70a > section 36.70a.511 the citation you requested cannot be found. please verify that you have a valid rcw citation and try again or look in the rcw dispositions for rcw sections that have been repealed, expired, decodified, or recodified.",community land trust,Low,,Definition of CLT,1d8e2e140c3402e75c89418bb0428125b555dfa588acfacef83b91e06c14a067,,,
WA,code site,https://app.leg.wa.gov/rcw/default.aspx?cite=36.70A.512,,Wash. Rev. Code § 36.70A.512,36.70A,Unknown,2026-04-01,"print rcws > title 36 > chapter 36.70a > section 36.70a.512 the citation you requested cannot be found. please verify that you have a valid rcw citation and try again or look in the rcw dispositions for rcw sections that have been repealed, expired, decodified, or recodified.",community land trust,Low,,Definition of CLT,7a49831d9c07b7f79b2eb34a2e791260abb8323eaad68ef88ad5aefd105c4231,,,
WA,code site,https://app.leg.wa.gov/rcw/default.aspx?cite=36.70A.513,,Wash. Rev. Code § 36.70A.513,36.70A,Unknown,2026-04-01,"print rcws > title 36 > chapter 36.70a > section 36.70a.513 the citation you requested cannot be found. please verify that you have a valid rcw citation and try again or look in the rcw dispositions for rcw sections that have been repealed, expired, decodified, or recodified.",community land trust,Low,,Definition of CLT,30e959578f93bb661c6882d54484f3a7ddb912478359e12e662ca1dcdab49776,,,
WA,code site,https://app.leg.wa.gov/rcw/default.aspx?cite=36.70A.514,,Wash. Rev. Code § 36.70A.514,36.70A,Unknown,2026-04-01,"print rcws > title 36 > chapter 36.70a > section 36.70a.514 the citation you requested cannot be found. please verify that you have a valid rcw citation and try again or look in the rcw dispositions for rcw sections that have been repealed, expired, decodified, or recodified.",community land trust,Low,,Definition of CLT,2d4c935ba0620b934808d9da0a8784c3af06bbe7fb1bad0267f6a5928aa24e35,,,
WA,code site,https://app.leg.wa.gov/rcw/default.aspx?cite=36.70A.515,,Wash. Rev. Code § 36.70A.515,36.70A,Unknown,2026-04-01,"print rcws > title 36 > chapter 36.70a > section 36.70a.515 the citation you requested cannot be found. please verify that you have a valid rcw citation and try again or look in the rcw dispositions for rcw sections that have been repealed, expired, decodified, or recodified.",community land trust,Low,,Definition of CLT,609e3a8b2e8693c43e0edec2d8ff38b826e13b96bb53c74315c3bc00149765a1,,,
WA,code site,https://app.leg.wa.gov/rcw/default.aspx?cite=36.70A.516,,Wash. Rev. Code § 36.70A.516,36.70A,Unknown,2026-04-01,"print rcws > title 36 > chapter 36.70a > section 36.70a.516 the citation you requested cannot be found. please verify that you have a valid rcw citation and try again or look in the rcw dispositions for rcw sections that have been repealed, expired, decodified, or recodified.",community land trust,Low,,Definition of CLT,9692601ca6439f186461a0291098517a0c3b7acbcb217de7affc6ebadbd9f464,,,
WA,code site,https://app.leg.wa.gov/rcw/default.aspx?cite=36.70A.517,,Wash. Rev. Code § 36.70A.517,36.70A,Unknown,2026-04-01,"print rcws > title 36 > chapter 36.70a > section 36.70a.517 the citation you requested cannot be found. please verify that you have a valid rcw citation and try again or look in the rcw dispositions for rcw sections that have been repealed, expired, decodified, or recodified.",community land trust,Low,,Definition of CLT,6bc2f86689a90a87c38613a6d29049fb0b762bf1acc4d669b877f4ca8e754a0f,,,
WA,code site,https://app.leg.wa.gov/rcw/default.aspx?cite=36.70A.518,,Wash. Rev. Code § 36.70A.518,36.70A,Unknown,2026-04-01,"print rcws > title 36 > chapter 36.70a > section 36.70a.518 the citation you requested cannot be found. please verify that you have a valid rcw citation and try again or look in the rcw dispositions for rcw sections that have been repealed, expired, decodified, or recodified.",community land trust,Low,,Definition of CLT,281b58127c26d30f922e85f2e1fefa2cee2d777582d3c5a9b4a1f746e1b14a96,,,
WA,code site,https://app.leg.wa.gov/rcw/default.aspx?cite=36.70A.519,,Wash. Rev. Code § 36.70A.519,36.70A,Unknown,2026-04-01,"print rcws > title 36 > chapter 36.70a > section 36.70a.519 the citation you requested cannot be found. please verify that you have a valid rcw citation and try again or look in the rcw dispositions for rcw sections that have been repealed, expired, decodified, or recodified.",community land trust,Low,,Definition of CLT,07c7147f22f5a6cfeadbcf85d56328cd07274a480fe5b4ff1626304e20200606,,,
WA,code site,https://app.leg.wa.gov/rcw/default.aspx?cite=36.70A.520,RCW 36.70A.520: National historic towns—Designation.,Wash. Rev. Code § 36.70A.520,36.70A,Amended,2026-04-01,rcw 36.70a.520: national historic towns—designation. print rcws > title 36 > chapter 36.70a > section 36.70a.520 36.70a.510 << 36.70a.520 >> 36.70a.530 pdf rcw 36.70a.520 national historic towns — designation. counties that are required or choose to plan under rcw 36.70a.040 may authorize and design,community land trust,Low,,Definition of CLT,29c862f793d0ee40ac47b8050038196b6da894dd76c28383e51eb6d722922415,,,
WA,code site,https://app.leg.wa.gov/rcw/default.aspx?cite=36.70A.521,,Wash. Rev. Code § 36.70A.521,36.70A,Unknown,2026-04-01,"print rcws > title 36 > chapter 36.70a > section 36.70a.521 the citation you requested cannot be found. please verify that you have a valid rcw citation and try again or look in the rcw dispositions for rcw sections that have been repealed, expired, decodified, or recodified.",community land trust,Low,,Definition of CLT,c75d9a3bc021ef78da840c94c9ebd186096d8abbc6789be43a70288b28f24428,,,
WA,code site,https://app.leg.wa.gov/rcw/default.aspx?cite=36.70A.522,,Wash. Rev. Code § 36.70A.522,36.70A,Unknown,2026-04-01,"print rcws > title 36 > chapter 36.70a > section 36.70a.522 the citation you requested cannot be found. please verify that you have a valid rcw citation and try again or look in the rcw dispositions for rcw sections that have been repealed, expired, decodified, or recodified.",community land trust,Low,,Definition of CLT,f6937fa614a9e7d4458209d68970f4e375226af21ab715bbe0072ccebc8864b9,,,
WA,code site,https://app.leg.wa.gov/rcw/default.aspx?cite=36.70A.523,,Wash. Rev. Code § 36.70A.523,36.70A,Unknown,2026-04-01,"print rcws > title 36 > chapter 36.70a > section 36.70a.523 the citation you requested cannot be found. please verify that you have a valid rcw citation and try again or look in the rcw dispositions for rcw sections that have been repealed, expired, decodified, or recodified.",community land trust,Low,,Definition of CLT,d02026748b80621fc3ad7e3e7227ed2eb27177be9b48b9a267ac04693102360a,,,
WA,code site,https://app.leg.wa.gov/rcw/default.aspx?cite=36.70A.524,,Wash. Rev. Code § 36.70A.524,36.70A,Unknown,2026-04-01,"print rcws > title 36 > chapter 36.70a > section 36.70a.524 the citation you requested cannot be found. please verify that you have a valid rcw citation and try again or look in the rcw dispositions for rcw sections that have been repealed, expired, decodified, or recodified.",community land trust,Low,,Definition of CLT,2e07f98e6c993b2bf48e4a5eee408896a7756ea26f70adcceffc4048d3cc33c0,,,
WA,code site,https://app.leg.wa.gov/rcw/default.aspx?cite=36.70A.525,,Wash. Rev. Code § 36.70A.525,36.70A,Unknown,2026-04-01,"print rcws > title 36 > chapter 36.70a > section 36.70a.525 the citation you requested cannot be found. please verify that you have a valid rcw citation and try again or look in the rcw dispositions for rcw sections that have been repealed, expired, decodified, or recodified.",community land trust,Low,,Definition of CLT,a1752b2c43bef4c478ee9d71cbcada6ae8f55eaa7dbcdb173fd59a33a1299e81,,,
WA,code site,https://app.leg.wa.gov/rcw/default.aspx?cite=36.70A.526,,Wash. Rev. Code § 36.70A.526,36.70A,Unknown,2026-04-01,"print rcws > title 36 > chapter 36.70a > section 36.70a.526 the citation you requested cannot be found. please verify that you have a valid rcw citation and try again or look in the rcw dispositions for rcw sections that have been repealed, expired, decodified, or recodified.",community land trust,Low,,Definition of CLT,277d1b487b467abbb137b454a4176e8ad0714717062b3365d8c3737c341d39fb,,,
WA,code site,https://app.leg.wa.gov/rcw/default.aspx?cite=36.70A.527,,Wash. Rev. Code § 36.70A.527,36.70A,Unknown,2026-04-01,"print rcws > title 36 > chapter 36.70a > section 36.70a.527 the citation you requested cannot be found. please verify that you have a valid rcw citation and try again or look in the rcw dispositions for rcw sections that have been repealed, expired, decodified, or recodified.",community land trust,Low,,Definition of CLT,ba605002fef90e20118bfeb9be67b1461257cf344077e2f39f8ed587cb208c3a,,,
WA,code site,https://app.leg.wa.gov/rcw/default.aspx?cite=36.70A.528,,Wash. Rev. Code § 36.70A.528,36.70A,Unknown,2026-04-01,"print rcws > title 36 > chapter 36.70a > section 36.70a.528 the citation you requested cannot be found. please verify that you have a valid rcw citation and try again or look in the rcw dispositions for rcw sections that have been repealed, expired, decodified, or recodified.",community land trust,Low,,Definition of CLT,cf3f9dbd9e90c1e84d1aea12b6f0dce4aacaf0cc52d88450eb6f549005e89771,,,
WA,code site,https://app.leg.wa.gov/rcw/default.aspx?cite=36.70A.529,,Wash. Rev. Code § 36.70A.529,36.70A,Unknown,2026-04-01,"print rcws > title 36 > chapter 36.70a > section 36.70a.529 the citation you requested cannot be found. please verify that you have a valid rcw citation and try again or look in the rcw dispositions for rcw sections that have been repealed, expired, decodified, or recodified.",community land trust,Low,,Definition of CLT,5d2749be2e7d8ae2e3929d135f0ca119304c23e7034042737c34404b84f83305,,,
WA,code site,https://app.leg.wa.gov/rcw/default.aspx?cite=36.70A.530,RCW 36.70A.530: Land use development incompatible with military installation not allowed—Revision of comprehensive plans and development regulations.,Wash. Rev. Code § 36.70A.530,36.70A,Amended,2026-04-01,rcw 36.70a.530: land use development incompatible with military installation not allowed—revision of comprehensive plans and development regulations. print rcws > title 36 > chapter 36.70a > section 36.70a.530 36.70a.520 << 36.70a.530 >> 36.70a.535 pdf rcw 36.70a.530 land use development incompatibl,community land trust,Low,,Definition of CLT,87d34680c51da91829f3cfbb248ee99ae8158fd324e5892e3f4bc0091121b352,,,
WA,code site,https://app.leg.wa.gov/rcw/default.aspx?cite=36.70A.531,,Wash. Rev. Code § 36.70A.531,36.70A,Unknown,2026-04-01,"print rcws > title 36 > chapter 36.70a > section 36.70a.531 the citation you requested cannot be found. please verify that you have a valid rcw citation and try again or look in the rcw dispositions for rcw sections that have been repealed, expired, decodified, or recodified.",community land trust,Low,,Definition of CLT,c20ccfef7670bfb50ebdb3ad0f8ea31b6c70bef17df180eb9cefd0557dc507ea,,,
WA,code site,https://app.leg.wa.gov/rcw/default.aspx?cite=36.70A.532,,Wash. Rev. Code § 36.70A.532,36.70A,Unknown,2026-04-01,"print rcws > title 36 > chapter 36.70a > section 36.70a.532 the citation you requested cannot be found. please verify that you have a valid rcw citation and try again or look in the rcw dispositions for rcw sections that have been repealed, expired, decodified, or recodified.",community land trust,Low,,Definition of CLT,205d9ac233789a8267f3dd02b624e23b369a5751e3663f91821a59b400e5560e,,,
WA,code site,https://app.leg.wa.gov/rcw/default.aspx?cite=36.70A.533,,Wash. Rev. Code § 36.70A.533,36.70A,Unknown,2026-04-01,"print rcws > title 36 > chapter 36.70a > section 36.70a.533 the citation you requested cannot be found. please verify that you have a valid rcw citation and try again or look in the rcw dispositions for rcw sections that have been repealed, expired, decodified, or recodified.",community land trust,Low,,Definition of CLT,971ced6b16225a9762972d08514ef91df166b1d30553921d7558a78cd75bba92,,,
WA,code site,https://app.leg.wa.gov/rcw/default.aspx?cite=36.70A.534,,Wash. Rev. Code § 36.70A.534,36.70A,Unknown,2026-04-01,"print rcws > title 36 > chapter 36.70a > section 36.70a.534 the citation you requested cannot be found. please verify that you have a valid rcw citation and try again or look in the rcw dispositions for rcw sections that have been repealed, expired, decodified, or recodified.",community land trust,Low,,Definition of CLT,a85ffd8fb81273f41507c3cda8e98ec7d70d279abc1b29f5d6f4dc3e07c52927,,,
WA,code site,https://app.leg.wa.gov/rcw/default.aspx?cite=36.70A.535,RCW 36.70A.535: Co-living housing.,Wash. Rev. Code § 36.70A.535,36.70A,Amended,2026-04-01,rcw 36.70a.535: co-living housing. print rcws > title 36 > chapter 36.70a > section 36.70a.535 36.70a.530 << 36.70a.535 >> 36.70a.536 pdf rcw 36.70a.535 co-living housing. (1) cities and counties planning under this chapter must allow co-living housing as a permitted use on any lot located within an,community land trust,Low,,Definition of CLT,f77c70169b87f10c308252262b0966a4a860b4a68374ab14dd80c558ae3dfe04,,state_fallback_wa:affordable housing,affordable housing
WA,code site,https://app.leg.wa.gov/rcw/default.aspx?cite=36.70A.536,RCW 36.70A.536: Middle housing.,Wash. Rev. Code § 36.70A.536,36.70A,Unknown,2026-04-01,rcw 36.70a.536: middle housing. print rcws > title 36 > chapter 36.70a > section 36.70a.536 36.70a.535 << 36.70a.536 >> 36.70a.540 pdf rcw 36.70a.536 middle housing. *** change in 2026 *** (see 2269-s.sl ) *** any county that is required or chooses to plan under rcw 36.70a.040 may provide by ordinan,community land trust,Low,,Definition of CLT,d762125b15d9d367ea6f889d6d4cb0eed59c25e1f2aaaf5c30ef3c5d3e8c8843,,,
WA,code site,https://app.leg.wa.gov/rcw/default.aspx?cite=36.70A.537,,Wash. Rev. Code § 36.70A.537,36.70A,Unknown,2026-04-01,"print rcws > title 36 > chapter 36.70a > section 36.70a.537 the citation you requested cannot be found. please verify that you have a valid rcw citation and try again or look in the rcw dispositions for rcw sections that have been repealed, expired, decodified, or recodified.",community land trust,Low,,Definition of CLT,8cd1d49dadb792ce1dd8dc83eb6d64404bc47c35529f3c9e3fd4a694531465e4,,,
WA,code site,https://app.leg.wa.gov/rcw/default.aspx?cite=36.70A.538,,Wash. Rev. Code § 36.70A.538,36.70A,Unknown,2026-04-01,"print rcws > title 36 > chapter 36.70a > section 36.70a.538 the citation you requested cannot be found. please verify that you have a valid rcw citation and try again or look in the rcw dispositions for rcw sections that have been repealed, expired, decodified, or recodified.",community land trust,Low,,Definition of CLT,c8dc9a009e62e96cf72940def1e884b32302698650f30d971ea6239859c41fb2,,,
WA,code site,https://app.leg.wa.gov/rcw/default.aspx?cite=36.70A.539,,Wash. Rev. Code § 36.70A.539,36.70A,Unknown,2026-04-01,"print rcws > title 36 > chapter 36.70a > section 36.70a.539 the citation you requested cannot be found. please verify that you have a valid rcw citation and try again or look in the rcw dispositions for rcw sections that have been repealed, expired, decodified, or recodified.",community land trust,Low,,Definition of CLT,4dc0dddd1e61ebd65579d79bd2410333a8580fa54f2a20909fbd163a402a9602,,,
WA,code site,https://app.leg.wa.gov/rcw/default.aspx?cite=36.70A.540,RCW 36.70A.540: Affordable housing incentive programs—Low-income housing units—Tiny house communities.,Wash. Rev. Code § 36.70A.540,36.70A,Unknown,2026-04-01,rcw 36.70a.540: affordable housing incentive programs—low-income housing units—tiny house communities. print rcws > title 36 > chapter 36.70a > section 36.70a.540 36.70a.536 << 36.70a.540 >> 36.70a.545 pdf rcw 36.70a.540 affordable housing incentive programs — low-income housing units — tiny house c,community land trust,Low,,Affordability Covenants,43839418da4b20755e032b39972d31b6162bec74b45368f99b3d5310e46821c1,,state_fallback_wa:affordable housing,affordable housing; low-income housing
WA,code site,https://app.leg.wa.gov/rcw/default.aspx?cite=36.70A.541,,Wash. Rev. Code § 36.70A.541,36.70A,Unknown,2026-04-01,"print rcws > title 36 > chapter 36.70a > section 36.70a.541 the citation you requested cannot be found. please verify that you have a valid rcw citation and try again or look in the rcw dispositions for rcw sections that have been repealed, expired, decodified, or recodified.",community land trust,Low,,Definition of CLT,df0c6dfdbed497135579186ca63c94db4bf8f5b9add1522e216c8549588564a6,,,
WA,code site,https://app.leg.wa.gov/rcw/default.aspx?cite=36.70A.542,,Wash. Rev. Code § 36.70A.542,36.70A,Unknown,2026-04-01,"print rcws > title 36 > chapter 36.70a > section 36.70a.542 the citation you requested cannot be found. please verify that you have a valid rcw citation and try again or look in the rcw dispositions for rcw sections that have been repealed, expired, decodified, or recodified.",community land trust,Low,,Definition of CLT,8298cc026a827373b0be8fc745e36c34a9a23c50b3de61074989b748f47bc8fd,,,
WA,code site,https://app.leg.wa.gov/rcw/default.aspx?cite=36.70A.543,,Wash. Rev. Code § 36.70A.543,36.70A,Unknown,2026-04-01,"print rcws > title 36 > chapter 36.70a > section 36.70a.543 the citation you requested cannot be found. please verify that you have a valid rcw citation and try again or look in the rcw dispositions for rcw sections that have been repealed, expired, decodified, or recodified.",community land trust,Low,,Definition of CLT,777c519bc0302acf7a6de20170a9374cc32df455174d7b57e89660ed46779f4c,,,
WA,code site,https://app.leg.wa.gov/rcw/default.aspx?cite=36.70A.544,,Wash. Rev. Code § 36.70A.544,36.70A,Unknown,2026-04-01,"print rcws > title 36 > chapter 36.70a > section 36.70a.544 the citation you requested cannot be found. please verify that you have a valid rcw citation and try again or look in the rcw dispositions for rcw sections that have been repealed, expired, decodified, or recodified.",community land trust,Low,,Definition of CLT,f4e69bc00fa055f4ca3d081f78c09783bd9934230be4e14e2a359e85a4709070,,,
WA,code site,https://app.leg.wa.gov/rcw/default.aspx?cite=36.70A.545,RCW 36.70A.545: Increased density bonus for affordable housing located on property owned by a religious organization.,Wash. Rev. Code § 36.70A.545,36.70A,Unknown,2026-04-01,rcw 36.70a.545: increased density bonus for affordable housing located on property owned by a religious organization. print rcws > title 36 > chapter 36.70a > section 36.70a.545 36.70a.540 << 36.70a.545 >> 36.70a.550 pdf rcw 36.70a.545 increased density bonus for affordable housing located on proper,community land trust,Low,,Affordability Covenants,dea82d5a7652f0c840d7cd8ef6481f429eb7115b9120db3a48095ac414ceea37,,state_fallback_wa:affordable housing,affordable housing; low-income housing
WA,code site,https://app.leg.wa.gov/rcw/default.aspx?cite=36.70A.546,,Wash. Rev. Code § 36.70A.546,36.70A,Unknown,2026-04-01,"print rcws > title 36 > chapter 36.70a > section 36.70a.546 the citation you requested cannot be found. please verify that you have a valid rcw citation and try again or look in the rcw dispositions for rcw sections that have been repealed, expired, decodified, or recodified.",community land trust,Low,,Definition of CLT,13fcf71bd7058bd7fe51d4bfb659c63228e3079a0e335f7294510551be49b838,,,
WA,code site,https://app.leg.wa.gov/rcw/default.aspx?cite=36.70A.547,,Wash. Rev. Code § 36.70A.547,36.70A,Unknown,2026-04-01,"print rcws > title 36 > chapter 36.70a > section 36.70a.547 the citation you requested cannot be found. please verify that you have a valid rcw citation and try again or look in the rcw dispositions for rcw sections that have been repealed, expired, decodified, or recodified.",community land trust,Low,,Definition of CLT,6fd24f1dc74773dfff2673ea89ed2d84625762a04b55c741874018296ee89619,,,
WA,code site,https://app.leg.wa.gov/rcw/default.aspx?cite=36.70A.548,,Wash. Rev. Code § 36.70A.548,36.70A,Unknown,2026-04-01,"print rcws > title 36 > chapter 36.70a > section 36.70a.548 the citation you requested cannot be found. please verify that you have a valid rcw citation and try again or look in the rcw dispositions for rcw sections that have been repealed, expired, decodified, or recodified.",community land trust,Low,,Definition of CLT,fff7cc7709ff8d6f0571785f9ad608291ef363be81f8b848b2ced028bba4ad73,,,
WA,code site,https://app.leg.wa.gov/rcw/default.aspx?cite=36.70A.549,,Wash. Rev. Code § 36.70A.549,36.70A,Unknown,2026-04-01,"print rcws > title 36 > chapter 36.70a > section 36.70a.549 the citation you requested cannot be found. please verify that you have a valid rcw citation and try again or look in the rcw dispositions for rcw sections that have been repealed, expired, decodified, or recodified.",community land trust,Low,,Definition of CLT,d90cc8199c2f1400dafd0e16d7679c259c8a10d510a15b8e4437031f866ad5d3,,,
WA,code site,https://app.leg.wa.gov/rcw/default.aspx?cite=36.70A.550,RCW 36.70A.550: Aquifer conservation zones.,Wash. Rev. Code § 36.70A.550,36.70A,Unknown,2026-04-01,"rcw 36.70a.550: aquifer conservation zones. print rcws > title 36 > chapter 36.70a > section 36.70a.550 36.70a.545 << 36.70a.550 >> 36.70a.570 pdf rcw 36.70a.550 aquifer conservation zones. (1) any city coterminous with, and comprised only of, an island that relies solely on groundwater aquifers for",community land trust,Low,,Definition of CLT,066d62ef6adb91c012d1f42686e93e33a32571a2c09784c7c2e1ee357c7ba5de,,,
WA,code site,https://app.leg.wa.gov/rcw/default.aspx?cite=36.70A.551,,Wash. Rev. Code § 36.70A.551,36.70A,Unknown,2026-04-01,"print rcws > title 36 > chapter 36.70a > section 36.70a.551 the citation you requested cannot be found. please verify that you have a valid rcw citation and try again or look in the rcw dispositions for rcw sections that have been repealed, expired, decodified, or recodified.",community land trust,Low,,Definition of CLT,621825f0936810a50489d7f78a6516f2bd999727414bd5ddfa42f9e8981991bd,,,
WA,code site,https://app.leg.wa.gov/rcw/default.aspx?cite=36.70A.552,,Wash. Rev. Code § 36.70A.552,36.70A,Unknown,2026-04-01,"print rcws > title 36 > chapter 36.70a > section 36.70a.552 the citation you requested cannot be found. please verify that you have a valid rcw citation and try again or look in the rcw dispositions for rcw sections that have been repealed, expired, decodified, or recodified.",community land trust,Low,,Definition of CLT,779235efea92fb09484677ecbaf63acd20e2b06ec56809279143ebebb9ef4e77,,,
WA,code site,https://app.leg.wa.gov/rcw/default.aspx?cite=36.70A.553,,Wash. Rev. Code § 36.70A.553,36.70A,Unknown,2026-04-01,"print rcws > title 36 > chapter 36.70a > section 36.70a.553 the citation you requested cannot be found. please verify that you have a valid rcw citation and try again or look in the rcw dispositions for rcw sections that have been repealed, expired, decodified, or recodified.",community land trust,Low,,Definition of CLT,eda43b7c1bfccf8e2e620a08fc4a5eb87550aa00067542fc26ebff5db1294b93,,,
WA,code site,https://app.leg.wa.gov/rcw/default.aspx?cite=36.70A.554,,Wash. Rev. Code § 36.70A.554,36.70A,Unknown,2026-04-01,"print rcws > title 36 > chapter 36.70a > section 36.70a.554 the citation you requested cannot be found. please verify that you have a valid rcw citation and try again or look in the rcw dispositions for rcw sections that have been repealed, expired, decodified, or recodified.",community land trust,Low,,Definition of CLT,3c782b42f504ff5ca4e04e5577dde45220b5cd545617289b650b01299bebdcd1,,,
WA,code site,https://app.leg.wa.gov/rcw/default.aspx?cite=36.70A.555,,Wash. Rev. Code § 36.70A.555,36.70A,Unknown,2026-04-01,"print rcws > title 36 > chapter 36.70a > section 36.70a.555 the citation you requested cannot be found. please verify that you have a valid rcw citation and try again or look in the rcw dispositions for rcw sections that have been repealed, expired, decodified, or recodified.",community land trust,Low,,Definition of CLT,7a2058f1b2729978f0f6b58c2abacdeeb8880fff772a31cbda5b53e43255b4d3,,,
WA,code site,https://app.leg.wa.gov/rcw/default.aspx?cite=36.70A.556,,Wash. Rev. Code § 36.70A.556,36.70A,Unknown,2026-04-01,"print rcws > title 36 > chapter 36.70a > section 36.70a.556 the citation you requested cannot be found. please verify that you have a valid rcw citation and try again or look in the rcw dispositions for rcw sections that have been repealed, expired, decodified, or recodified.",community land trust,Low,,Definition of CLT,7ad71a60229e7093c4f6b38bbaafcce4a528d17a2c341f1cc9f9af3486b4a5b8,,,
WA,code site,https://app.leg.wa.gov/rcw/default.aspx?cite=36.70A.557,,Wash. Rev. Code § 36.70A.557,36.70A,Unknown,2026-04-01,"print rcws > title 36 > chapter 36.70a > section 36.70a.557 the citation you requested cannot be found. please verify that you have a valid rcw citation and try again or look in the rcw dispositions for rcw sections that have been repealed, expired, decodified, or recodified.",community land trust,Low,,Definition of CLT,6f33a2b319381b902be1783f5dcc24cf17f49a9a9654163271ae431f24d612bc,,,
WA,code site,https://app.leg.wa.gov/rcw/default.aspx?cite=36.70A.558,,Wash. Rev. Code § 36.70A.558,36.70A,Unknown,2026-04-01,"print rcws > title 36 > chapter 36.70a > section 36.70a.558 the citation you requested cannot be found. please verify that you have a valid rcw citation and try again or look in the rcw dispositions for rcw sections that have been repealed, expired, decodified, or recodified.",community land trust,Low,,Definition of CLT,2c95a83ce7461afcdbfe29034b7d9ac81d9da69af54b4919b8ce609663d4b05f,,,
WA,code site,https://app.leg.wa.gov/rcw/default.aspx?cite=36.70A.559,,Wash. Rev. Code § 36.70A.559,36.70A,Unknown,2026-04-01,"print rcws > title 36 > chapter 36.70a > section 36.70a.559 the citation you requested cannot be found. please verify that you have a valid rcw citation and try again or look in the rcw dispositions for rcw sections that have been repealed, expired, decodified, or recodified.",community land trust,Low,,Definition of CLT,1ea00b8144c08821c369b27ec8784b99134698ccd8ee0a4bb0097f993161cec9,,,
WA,code site,https://app.leg.wa.gov/rcw/default.aspx?cite=36.70A.560,Chapter 36.70A.560 RCW Dispositions: GROWTH MANAGEMENT — PLANNING BY SELECTED COUNTIES AND CITIES,Wash. Rev. Code § 36.70A.560,36.70A,Amended,2026-04-01,chapter 36.70a.560 rcw dispositions: growth management — planning by selected counties and cities print rcws > dispositions > title 36 > chapter 36.70a chapter 36.70a.560 rcw dispositions growth management — planning by selected counties and cities sections 36.70a.065 development regulations — requi,community land trust,Low,,Definition of CLT,3978288b40f41b463d70e1fdcc9c1d2b215024f2552569c3804a940f5737e462,,,
